UniqueID,1_1,1_2,1_3,1_4,1_5,2_1,2_2,2_3,2_4,2_5,3_1,3_2,3_3,3_4,3_5,3_6,3_7,4_1,4_2,4_3,4_4,4_5,5_1,5_2,5_3,5_4,5_5,6_1,6_2,6_3,6_4,6_5,6_6,7_1,7_2,7_3,7_4,7_5,7_6,Stub,Prompt_Text
B01001_003,96,101,134,117,94,105,47,21,71,87,94,87,88,108,93,43,81,80,120,87,95,91,82,107,95,42,90,130,109,114,117,87,117,122,118,170,119,136,100,Under 5 years,Male aged Under 5 years
B01001_004,94,102,131,123,95,76,36,15,38,57,97,92,93,110,102,45,89,93,133,95,105,122,84,102,82,42,83,130,105,113,114,85,115,110,108,142,112,139,89,5 to 9 years,Male aged 5 to 9 years
B01001_005,98,104,130,130,92,60,30,12,26,48,97,95,97,113,106,50,96,105,136,104,109,144,88,98,80,47,81,132,99,115,107,79,110,99,103,113,103,135,79,10 to 14 years,Male aged 10 to 14 years
B01001_006,101,106,123,128,95,56,28,22,24,42,100,100,99,111,109,55,103,112,129,112,113,150,94,97,78,54,83,122,101,111,104,80,102,91,99,95,98,128,71,15 to 17 years,Male aged 15 to 17 years
B01001_007,99,93,114,122,94,66,62,959,52,55,86,82,93,98,88,55,84,84,95,85,94,102,86,79,83,46,90,122,103,106,109,133,121,95,92,104,92,123,114,18 and 19 years,Male aged 18 and 19 years
B01001_008,99,88,120,125,91,96,86,1025,62,62,77,77,92,97,82,55,77,72,81,74,70,77,82,86,82,44,102,112,113,106,110,151,113,116,97,128,96,120,132,20 years,Male aged 20 years
B01001_009,101,87,115,124,90,109,105,920,67,72,79,76,88,93,78,56,73,70,76,71,68,68,80,87,86,49,108,116,118,105,105,158,113,127,100,146,104,122,135,21 years,Male aged 21 years
B01001_010,101,92,110,116,87,184,153,445,159,122,83,75,92,95,78,57,74,69,71,73,72,69,80,105,95,53,110,113,113,102,105,128,96,133,102,146,114,119,124,22 to 24 years,Male aged 22 to 24 years
B01001_011,103,95,108,109,99,230,190,143,267,203,81,75,94,92,79,55,69,58,70,65,56,44,78,115,117,54,109,108,117,106,106,106,93,139,118,153,125,113,119,25 to 29 years,Male aged 25 to 29 years
B01001_012,105,100,119,108,101,194,166,64,257,197,83,76,89,96,87,52,76,68,92,74,67,52,86,114,128,54,104,105,111,92,96,93,81,125,109,128,128,111,107,30 to 34 years,Male aged 30 to 34 years
B01001_013,106,102,121,106,101,136,115,37,180,148,89,84,97,98,94,56,86,86,119,89,87,88,92,113,119,57,98,105,104,85,92,89,80,108,98,105,112,108,91,35 to 39 years,Male aged 35 to 39 years
B01001_014,108,100,114,109,95,103,95,27,117,115,91,92,101,98,102,60,93,95,133,100,104,121,92,109,112,59,91,106,97,85,93,84,80,97,89,97,109,107,84,40 to 44 years,Male aged 40 to 44 years
B01001_015,106,99,103,104,95,89,84,22,95,98,96,105,105,98,109,74,104,111,127,106,117,138,101,104,108,69,92,91,94,87,91,86,75,89,88,75,99,98,80,45 to 49 years,Male aged 45 to 49 years
B01001_016,108,101,88,98,100,73,86,19,85,90,101,116,113,99,114,94,119,122,109,111,118,137,108,96,104,82,92,91,95,90,88,89,83,84,88,66,95,88,86,50 to 54 years,Male aged 50 to 54 years
B01001_017,106,103,75,85,105,64,94,21,74,79,111,126,114,101,116,122,131,127,91,121,118,125,113,91,100,106,98,85,100,91,90,96,88,78,83,58,87,75,94,55 to 59 years,Male aged 55 to 59 years
B01001_018,103,103,67,81,108,56,96,20,66,79,117,134,113,103,120,144,138,132,79,124,113,113,117,87,98,115,102,83,98,92,92,106,102,78,82,50,84,67,100,60 and 61 years,Male aged 60 and 61 years
B01001_019,99,102,64,75,111,55,99,23,65,76,122,137,122,106,117,167,144,130,73,128,116,106,121,83,98,133,104,82,98,88,92,110,104,72,72,48,78,61,107,62 to 64 years,Male aged 62 to 64 years
B01001_020,97,103,61,70,109,52,107,19,65,75,125,143,119,103,122,200,144,133,72,129,116,100,122,83,95,164,108,74,93,81,89,110,93,68,78,45,72,61,104,65 and 66 years,Male aged 65 and 66 years
B01001_021,92,104,61,66,108,47,103,18,59,73,124,146,121,106,121,222,149,141,71,136,113,99,125,86,91,185,107,71,88,77,89,107,91,66,69,38,68,54,97,67 to 69 years,Male aged 67 to 69 years
B01001_022,84,101,55,61,108,44,110,15,53,75,131,147,123,108,124,267,146,144,69,134,118,96,130,83,91,236,108,69,80,70,85,104,82,63,69,31,62,53,95,70 to 74 years,Male aged 70 to 74 years
B01001_023,85,99,51,63,111,41,117,15,55,68,138,156,125,113,120,318,145,140,60,128,116,81,129,77,83,293,110,69,74,70,89,108,83,63,75,31,60,51,101,75 to 79 years,Male aged 75 to 79 years
B01001_024,92,91,46,64,123,42,160,16,55,68,144,138,117,109,108,353,139,129,50,121,119,69,133,75,84,356,126,72,73,67,87,116,80,67,75,29,56,51,106,80 to 84 years,Male aged 80 to 84 years
B01001_025,98,84,39,61,129,45,252,19,66,73,149,110,82,91,77,299,121,107,38,109,134,56,153,71,93,461,160,71,78,69,81,148,84,74,73,25,60,55,139,85 years and over,Male aged 85 years and over
B01001_027,95,101,131,120,95,107,50,20,72,87,92,85,87,109,93,43,80,80,119,85,94,89,83,107,96,41,88,132,108,117,120,91,117,123,118,170,117,140,102,Under 5 years,Female aged Under 5 years
B01001_028,94,102,133,123,94,78,34,14,37,58,95,90,91,111,98,46,89,93,134,95,104,123,85,104,85,42,82,131,104,116,114,82,118,109,111,145,110,139,88,5 to 9 years,Female aged 5 to 9 years
B01001_029,98,102,131,129,94,60,28,11,25,49,97,95,97,111,106,49,95,103,138,103,110,140,89,98,79,50,80,127,100,116,109,79,112,98,107,117,105,137,78,10 to 14 years,Female aged 10 to 14 years
B01001_030,101,106,123,131,96,55,31,25,23,45,99,98,99,108,106,50,102,112,131,111,116,152,94,98,77,52,81,121,97,112,102,80,109,93,101,98,100,129,73,15 to 17 years,Female aged 15 to 17 years
B01001_031,94,91,99,117,92,73,77,1241,67,61,75,72,85,90,80,49,74,76,89,79,98,98,86,80,86,46,94,115,100,106,103,146,136,96,89,118,95,120,123,18 and 19 years,Female aged 18 and 19 years
B01001_032,89,86,108,108,86,113,105,1204,77,76,73,74,81,88,81,45,68,65,77,70,73,67,80,85,86,49,103,116,107,109,106,160,125,117,96,154,97,118,150,20 years,Female aged 20 years
B01001_033,95,85,97,117,82,140,122,1054,73,81,74,73,83,88,76,48,67,64,71,68,68,65,79,89,81,48,104,112,107,114,107,166,118,131,105,179,104,119,157,21 years,Female aged 21 years
B01001_034,100,89,97,109,80,219,170,380,183,148,80,71,83,87,74,46,70,66,71,68,71,65,80,110,102,54,111,109,112,109,107,125,106,136,115,171,120,119,137,22 to 24 years,Female aged 22 to 24 years
B01001_035,98,94,109,104,92,235,185,104,274,220,79,75,84,91,79,49,65,56,77,60,55,41,81,116,122,53,107,100,116,117,108,100,107,142,129,174,132,113,119,25 to 29 years,Female aged 25 to 29 years
B01001_036,100,100,122,101,100,177,136,43,233,194,83,75,81,91,86,49,73,73,105,77,71,61,85,119,126,52,101,101,110,111,101,86,102,123,118,139,125,107,104,30 to 34 years,Female aged 30 to 34 years
B01001_037,103,102,124,101,100,123,90,28,141,137,87,80,88,94,95,50,83,88,129,92,95,101,92,117,117,54,93,97,104,105,96,83,95,110,109,113,112,104,90,35 to 39 years,Female aged 35 to 39 years
B01001_038,104,101,117,105,94,99,74,21,93,105,90,90,93,94,100,60,89,98,135,101,108,130,94,112,110,61,91,98,95,102,95,81,91,101,107,99,109,107,84,40 to 44 years,Female aged 40 to 44 years
B01001_039,107,101,102,99,94,85,73,17,79,89,93,100,99,94,106,73,100,111,127,111,119,140,102,109,106,73,91,89,93,99,91,80,92,94,105,85,101,97,77,45 to 49 years,Female aged 45 to 49 years
B01001_040,107,105,88,90,99,77,79,18,67,82,98,109,106,94,111,95,114,122,104,118,121,133,110,100,103,93,95,83,94,101,92,91,98,88,101,75,96,86,86,50 to 54 years,Female aged 50 to 54 years
B01001_041,103,108,78,84,106,70,82,17,64,79,109,118,111,98,113,127,124,124,86,123,116,115,115,96,99,118,102,81,97,100,97,100,105,85,97,62,86,71,93,55 to 59 years,Female aged 55 to 59 years
B01001_042,106,105,71,78,109,66,88,17,60,76,115,121,115,103,113,153,128,124,77,123,112,102,119,92,101,139,104,81,98,105,97,107,109,80,94,59,85,65,101,60 and 61 years,Female aged 60 and 61 years
B01001_043,99,106,68,75,111,60,93,19,56,75,117,126,116,100,112,177,130,125,75,125,110,93,122,91,99,155,110,76,99,99,97,111,111,80,92,52,79,62,102,62 to 64 years,Female aged 62 to 64 years
B01001_044,98,106,64,72,109,56,103,16,59,76,117,125,116,101,115,199,128,130,72,126,107,86,126,94,96,184,110,70,93,92,99,109,110,80,88,50,80,61,107,65 and 66 years,Female aged 65 and 66 years
B01001_045,91,108,59,67,109,56,108,16,53,72,122,129,118,100,111,224,128,130,70,125,110,85,126,94,97,211,114,70,89,90,97,111,107,77,90,45,70,57,107,67 to 69 years,Female aged 67 to 69 years
B01001_046,90,101,57,65,112,51,126,16,60,77,125,128,117,103,109,256,127,129,67,125,108,79,128,86,93,254,119,73,83,84,99,119,102,77,87,38,67,54,114,70 to 74 years,Female aged 70 to 74 years
B01001_047,91,96,51,65,120,47,154,15,50,75,138,129,121,104,104,294,124,116,55,112,106,63,130,82,86,309,130,72,83,89,102,134,101,76,96,37,67,55,125,75 to 79 years,Female aged 75 to 79 years
B01001_048,97,91,43,68,130,47,203,18,52,70,146,118,114,99,88,271,114,102,45,101,106,53,136,76,87,344,148,78,87,94,112,153,112,82,97,35,70,56,147,80 to 84 years,Female aged 80 to 84 years
B01001_049,102,77,33,57,128,51,304,25,55,78,152,89,87,78,63,221,97,83,36,86,115,37,159,73,102,455,192,72,94,90,102,191,108,86,96,34,68,53,181,85 years and over,Female aged 85 years and over
B02001_002,74,97,85,83,117,81,90,99,90,88,133,136,94,108,125,132,136,130,97,111,114,111,124,96,94,126,113,90,107,26,71,117,25,78,31,55,52,75,73,White alone,Race White alone
B02001_003,131,115,147,65,70,136,104,83,63,96,14,6,222,40,40,14,8,21,92,43,30,41,23,90,79,25,55,78,94,543,291,62,614,156,284,304,208,52,242,Black or African American alone,Race Black or African American alone
B02001_004,64,80,88,114,61,67,68,71,41,46,86,79,125,584,84,67,38,27,50,44,22,27,35,63,43,37,77,173,89,44,479,215,45,123,81,101,72,161,147,American Indian and Alaska Native alone,Race American Indian and Alaska Native alone
B03003_003,171,102,184,358,57,104,85,56,65,94,22,12,28,144,43,39,15,21,88,55,44,38,33,81,91,36,65,331,73,70,64,48,21,176,267,191,227,433,129,Hispanic or Latino,Race Hispanic or Latino
B08301_010,146,25,18,34,15,92,318,138,681,971,6,5,5,10,7,7,8,22,28,42,177,44,49,53,378,24,47,29,44,319,21,21,46,76,1007,123,577,88,144,Public transportation (excluding taxicab):,commutes to work using public transit Public transportation (excluding taxicab):
B08302_002,129,121,142,159,100,90,59,46,32,38,125,144,124,126,130,85,124,81,99,64,42,45,67,86,60,41,90,124,115,95,107,95,94,126,82,123,96,147,87,12:00 a.m. to 4:59 a.m.,commute time 12:00 a.m. to 4:59 a.m.
B08302_003,132,114,133,153,89,87,58,29,40,48,125,139,122,115,133,78,128,94,105,72,51,56,71,86,71,41,89,119,104,94,97,74,83,123,84,130,107,155,75,5:00 a.m. to 5:29 a.m.,commute time 5:00 a.m. to 5:29 a.m.
B08302_004,116,116,123,120,113,95,65,41,49,47,130,128,115,110,129,79,135,106,105,81,63,70,85,96,74,54,100,106,116,76,93,101,79,112,56,103,80,109,77,5:30 a.m. to 5:59 a.m.,commute time 5:30 a.m. to 5:59 a.m.
B08302_005,117,112,122,124,98,101,72,38,68,69,105,116,116,104,126,79,121,111,113,89,73,86,90,100,89,57,92,99,94,88,90,68,73,107,87,111,105,120,77,6:00 a.m. to 6:29 a.m.,commute time 6:00 a.m. to 6:29 a.m.
B08302_006,101,111,106,86,115,113,80,49,81,77,109,100,104,97,120,81,127,123,115,106,92,102,110,112,93,72,108,77,104,68,89,88,73,96,55,80,74,75,71,6:30 a.m. to 6:59 a.m.,commute time 6:30 a.m. to 6:59 a.m.
B08302_007,104,104,103,92,104,123,90,46,110,103,98,93,98,94,113,75,114,118,113,110,104,112,108,115,111,77,101,80,85,76,79,71,65,98,85,88,103,87,70,7:00 a.m. to 7:29 a.m.,commute time 7:00 a.m. to 7:29 a.m.
B08302_008,86,101,83,70,123,138,111,77,149,126,108,81,81,87,97,78,114,116,99,117,120,115,128,120,122,99,120,73,102,60,82,105,64,88,58,68,73,58,72,7:30 a.m. to 7:59 a.m.,commute time 7:30 a.m. to 7:59 a.m.
B08302_009,106,93,83,77,95,150,146,86,237,213,72,58,58,69,76,63,82,106,105,120,145,125,122,123,156,99,106,69,83,78,64,72,58,96,113,86,123,78,77,8:00 a.m. to 8:29 a.m.,commute time 8:00 a.m. to 8:29 a.m.
B08302_010,99,88,69,64,101,186,187,128,360,275,62,46,43,55,60,57,73,102,96,124,163,127,138,130,175,110,116,52,91,66,56,77,50,94,77,71,98,54,79,8:30 a.m. to 8:59 a.m.,commute time 8:30 a.m. to 8:59 a.m.
B08302_011,107,94,82,79,88,182,179,147,298,247,59,48,45,62,64,63,66,89,99,121,141,119,117,126,158,114,108,68,83,84,63,79,58,105,116,95,119,78,91,9:00 a.m. to 9:59 a.m.,commute time 9:00 a.m. to 9:59 a.m.
B08302_012,112,99,89,92,95,161,153,189,187,184,67,53,51,71,64,72,70,82,93,108,115,97,110,117,141,105,115,81,100,93,78,103,79,120,123,111,128,88,107,10:00 a.m. to 10:59 a.m.,commute time 10:00 a.m. to 10:59 a.m.
B08302_013,120,100,104,97,97,149,142,231,110,143,76,62,54,74,69,67,75,82,82,95,92,78,105,112,125,94,118,93,118,114,79,117,87,129,126,135,129,90,131,11:00 a.m. to 11:59 a.m.,commute time 11:00 a.m. to 11:59 a.m.
B08302_014,115,101,101,104,112,123,115,240,61,93,102,90,77,84,78,65,91,75,77,74,63,57,91,94,96,62,116,107,146,139,108,142,113,137,114,151,122,108,137,12:00 p.m. to 3:59 p.m.,commute time 12:00 p.m. to 3:59 p.m.
B08302_015,103,109,114,101,116,126,104,213,73,83,104,90,91,91,89,62,90,76,89,74,55,62,87,102,82,57,110,109,145,126,120,137,120,133,93,147,102,96,125,4:00 p.m. to 11:59 p.m.,commute time 4:00 p.m. to 11:59 p.m.
B08303_002,47,67,62,58,132,88,99,215,90,57,288,105,77,129,75,105,145,77,49,66,71,53,144,75,70,98,155,108,170,45,143,302,68,78,33,61,45,49,104,Less than 5 minutes,commute length Less than 5 minutes
B08303_003,66,87,77,79,154,124,116,211,106,62,158,65,66,101,62,82,99,77,60,88,84,63,144,100,82,111,156,123,173,50,136,242,91,105,26,88,49,68,110,5 to 9 minutes,commute length 5 to 9 minutes
B08303_004,85,103,88,92,140,144,125,172,123,79,96,71,76,92,77,77,102,89,73,99,89,75,124,112,92,99,132,120,144,70,111,143,103,112,35,105,68,83,111,10 to 14 minutes,commute length 10 to 14 minutes
B08303_005,95,111,96,99,129,155,120,120,135,91,81,81,88,90,93,75,104,97,88,103,91,87,108,117,97,89,114,107,117,84,90,88,101,117,38,114,73,93,100,15 to 19 minutes,commute length 15 to 19 minutes
B08303_006,104,115,105,104,113,146,108,72,153,109,81,88,88,86,103,72,106,108,101,106,95,97,102,120,105,79,101,87,98,93,77,56,89,115,50,112,85,97,85,20 to 24 minutes,commute length 20 to 24 minutes
B08303_007,102,114,111,99,101,142,100,52,157,127,93,100,88,82,111,63,122,123,117,111,98,114,103,122,108,71,99,64,85,75,65,48,55,106,46,95,78,87,68,25 to 29 minutes,commute length 25 to 29 minutes
B08303_008,127,111,115,114,84,131,106,45,158,155,78,93,95,85,110,65,96,104,117,103,94,107,87,112,120,65,86,76,73,102,70,43,66,112,108,113,127,117,76,30 to 34 minutes,commute length 30 to 34 minutes
B08303_009,115,106,114,78,73,115,92,39,160,186,99,111,94,78,127,62,124,136,141,109,104,132,97,117,120,65,88,43,68,68,62,44,42,93,77,79,93,70,54,35 to 39 minutes,commute length 35 to 39 minutes
B08303_010,129,98,112,91,65,114,102,36,164,213,86,98,79,75,115,60,107,122,139,110,112,125,90,113,146,57,81,48,61,81,53,42,36,95,153,83,147,96,57,40 to 44 minutes,commute length 40 to 44 minutes
B08303_011,135,102,116,88,60,100,96,30,131,203,85,110,102,82,130,66,102,117,143,105,113,125,87,107,142,56,77,48,60,90,63,41,38,92,168,80,149,80,58,45 to 59 minutes,commute length 45 to 59 minutes
B08303_012,161,89,110,98,45,91,96,29,106,189,71,101,93,81,110,64,86,108,136,96,147,112,85,98,178,49,74,49,54,121,54,37,38,91,280,89,214,104,61,60 to 89 minutes,commute length 60 to 89 minutes
B08303_013,157,97,111,107,58,78,84,31,92,129,82,118,95,93,116,83,96,111,123,90,149,96,94,95,149,61,78,63,65,132,65,51,45,91,236,86,177,100,69,90 or more minutes,commute length 90 or more minutes
B09019_005,52,65,48,43,95,204,332,125,299,193,119,116,105,92,77,155,96,59,37,49,46,24,98,99,104,148,135,89,133,119,111,180,134,126,123,144,96,56,236,Living alone,men Living alone
B09019_008,56,71,46,39,102,173,309,87,232,181,118,87,97,81,65,167,75,60,41,62,62,26,119,108,110,248,157,72,117,120,121,186,145,123,136,121,86,47,224,Living alone,women Living alone
B09019_011,99,91,74,64,102,129,203,51,286,318,72,73,72,73,87,123,87,107,77,96,138,78,132,106,212,194,111,64,97,64,54,85,53,92,59,63,95,54,80,Same-sex spouse,living with Same-sex spouse
B09019_015,112,106,124,129,95,74,40,14,38,62,88,87,92,104,97,54,90,101,125,105,113,126,91,101,92,52,85,124,98,119,105,76,115,104,117,121,114,135,83,Biological child,living with Biological child
B09019_016,94,120,116,87,107,47,30,13,26,48,109,123,114,118,140,81,116,126,132,132,120,146,103,96,86,77,89,85,97,89,98,85,82,72,63,68,59,64,58,Adopted child,living with Adopted child
B09019_017,101,127,160,121,117,57,23,10,18,26,124,132,122,132,144,71,108,95,138,91,56,91,78,95,57,43,87,119,118,94,112,95,84,99,57,89,78,106,64,Stepchild,living with Stepchild
B09019_018,158,126,117,200,101,29,28,8,8,40,89,125,185,155,119,82,79,64,70,70,49,39,58,60,67,37,69,184,109,231,188,90,231,96,148,79,130,174,94,Grandchild,living with Grandchild
B09019_026,57,45,101,50,102,55,262,1915,163,104,101,23,181,93,40,57,40,30,16,30,79,35,99,40,92,122,136,107,110,70,210,320,176,69,105,76,68,44,303,In group quarters,living in group quarters
B11001_003,92,106,95,80,107,77,65,19,86,79,113,122,98,97,124,132,136,143,121,135,133,143,120,106,98,128,96,69,78,46,67,73,45,71,51,49,65,65,47,Married-couple family,Is Married-couple family
B12001_003,111,92,96,113,94,142,163,294,172,157,81,74,98,92,75,64,75,69,72,73,75,66,85,94,115,64,104,115,119,138,113,119,127,119,133,128,133,121,139,Never married,Is Never married
B12001_007,97,88,89,118,81,111,151,36,93,101,87,105,180,127,94,106,64,45,53,44,38,31,60,78,83,66,90,163,120,180,175,137,209,138,205,179,158,155,208,Separated,Male is Separated
B12001_009,93,96,53,80,121,49,150,21,50,57,148,157,152,125,107,260,122,96,49,84,86,47,110,66,78,233,124,110,103,106,125,157,134,81,83,52,73,72,151,Widowed,Male is Widowed
B12001_010,82,99,83,82,113,109,150,34,98,81,131,144,133,126,114,167,109,75,63,71,55,41,96,92,82,121,118,110,134,98,127,164,125,111,72,94,75,68,157,Divorced,Male is Divorced
B12001_012,108,90,94,107,88,150,156,333,171,171,71,62,86,81,67,51,64,64,74,70,77,64,85,98,120,64,102,107,115,170,118,114,160,125,163,156,144,122,148,Never married,Male is Never married
B12001_016,96,85,105,135,68,112,120,26,68,94,80,86,150,124,77,80,44,37,57,42,40,29,55,83,85,57,86,180,122,198,180,128,215,157,291,200,174,196,199,Separated,Female is Separated
B12001_018,99,95,56,77,117,54,175,18,42,63,142,124,135,111,93,216,101,86,53,85,84,44,119,79,87,269,141,93,100,111,131,166,142,94,103,55,79,70,157,Widowed,Female is Widowed
B12001_019,89,106,91,81,116,122,144,28,82,86,114,98,103,106,91,137,78,69,74,79,65,44,107,112,93,150,130,96,129,106,129,158,130,128,93,104,82,71,152,Divorced,Female is Divorced
B15003_002,185,96,118,263,65,66,99,19,36,97,53,68,96,122,63,72,42,35,60,46,41,31,42,64,108,46,73,242,102,142,114,83,110,150,287,164,259,331,171,No schooling completed,No schooling completed
B15003_003,123,104,132,204,58,113,116,9,80,83,72,66,64,89,87,81,57,81,100,94,78,60,72,86,90,111,103,163,122,139,97,76,72,141,220,102,157,171,111,Nursery school,Nursery school
B15003_013,96,73,93,244,67,41,89,19,25,54,98,157,201,191,100,130,62,31,30,23,19,13,33,35,56,36,62,293,113,126,183,131,167,126,243,168,172,356,189,9th grade,9th grade level of education
B15003_014,81,79,81,135,89,38,81,22,26,45,132,198,239,176,129,168,91,46,35,31,21,17,47,42,51,52,76,209,141,184,215,171,238,108,185,127,126,155,198,10th grade,10th grade level of education
B15003_015,86,81,85,145,87,44,85,23,26,48,124,169,222,170,114,150,84,45,36,30,20,16,44,43,49,50,76,209,146,230,219,164,282,106,193,143,129,164,217,11th grade,11th grade level of education
B15003_016,150,111,114,181,88,65,91,18,36,76,88,101,119,121,94,125,75,57,64,59,46,35,61,71,92,72,89,152,112,162,120,110,150,141,204,135,173,197,153,"12th grade, no diploma","12th grade, no diploma level of education"
B15003_018,87,107,104,106,115,58,85,27,31,48,138,183,200,160,149,167,104,67,58,49,31,27,64,62,60,68,94,147,156,140,163,171,147,103,125,99,96,79,145,GED or alternative credential,GED or alternative credential level of education
B15003_019,105,125,106,86,129,83,88,21,39,50,127,121,109,115,128,162,124,108,93,95,59,63,98,95,71,123,115,84,118,94,103,122,92,105,65,82,69,60,105,"Some college, less than 1 year","Some college, less than 1 year level of education"
B15003_020,109,119,111,90,116,109,113,35,60,73,107,97,105,107,112,138,102,97,97,100,68,69,96,102,84,124,111,83,104,111,108,109,111,111,83,99,86,72,109,"Some college, 1 or more years, no degree","Some college, 1 or more years, no degree level of education"
B15003_021,105,121,108,73,123,102,94,25,51,63,126,112,104,95,119,127,136,120,106,104,73,75,112,107,82,117,116,60,109,81,88,100,76,100,75,76,73,50,84,Associate's degree,Associate's degree level of education
B15003_022,94,93,76,43,94,156,163,51,234,200,68,53,46,52,78,82,91,136,133,159,167,174,142,141,153,164,112,28,63,48,45,59,35,78,64,50,75,31,59,Bachelor's degree,Bachelor's degree level of education
B15003_023,81,79,61,27,83,157,171,64,314,241,57,48,41,42,68,80,84,146,132,171,222,202,158,144,180,184,109,17,51,45,37,52,32,59,49,32,65,16,49,Master's degree,Master's degree level of education
B15003_024,62,57,37,21,61,128,220,51,470,315,41,35,30,32,54,67,68,140,106,198,338,248,181,133,216,239,102,13,33,25,24,39,17,45,36,24,52,16,43,Professional school degree,Professional school degree level of education
B15003_025,57,63,40,18,62,157,233,129,384,293,39,34,30,32,56,67,69,131,117,192,278,227,187,146,225,221,115,13,40,31,27,49,19,48,30,26,46,12,49,Doctorate degree,Doctorate degree level of education
B16004_009,124,73,86,48,49,150,97,26,121,176,52,99,20,32,46,16,100,75,132,114,189,178,100,150,204,66,85,31,69,99,32,55,28,135,213,160,271,40,83,Speak other Indo-European languages (15-17),teenagers who speak Speak other Indo-European languages (15-17)
B16004_014,194,100,111,95,54,195,109,36,145,145,13,6,12,28,18,9,12,43,197,150,193,239,82,197,202,52,88,49,49,80,34,27,10,130,138,91,189,87,72,Speak Asian and Pacific Island languages (15-17),teenagers who speak Speak Asian and Pacific Island languages (15-17)
B16004_019,103,92,104,57,72,176,82,33,65,129,14,9,14,91,16,9,11,35,118,88,101,90,54,137,141,34,91,90,159,192,155,70,46,197,354,398,285,78,178,Speak other languages (15-17),teenagers who speak Speak other languages (15-17)
B16004_031,141,74,75,42,53,238,222,178,345,285,33,37,19,28,33,31,51,70,116,111,169,149,99,150,220,87,101,25,67,90,34,45,29,132,190,132,234,35,101,Speak other Indo-European languages (18-64),adults who speak Speak other Indo-European languages (18-64)
B16004_036,211,95,96,92,42,256,243,297,382,239,12,7,12,28,18,15,11,35,157,136,142,168,69,180,222,54,96,39,41,51,28,32,12,141,161,83,189,80,78,Speak Asian and Pacific Island languages (18-64),adults who speak Speak Asian and Pacific Island languages (18-64)
B16004_041,112,88,102,47,63,254,197,177,187,195,13,9,21,112,17,13,11,35,114,91,83,84,57,149,149,47,95,63,100,136,148,67,39,201,278,333,227,64,162,Speak other languages (18-64),adults who speak Speak other languages (18-64)
B16004_053,149,79,48,42,87,80,358,15,126,214,53,38,30,42,45,148,66,100,80,139,205,120,144,99,221,285,133,29,69,74,36,68,39,100,200,49,189,30,147,Speak other Indo-European languages (65+),seniors who speak Speak other Indo-European languages (65+)
B16004_058,279,124,89,111,47,75,345,14,128,180,12,8,11,30,19,42,12,41,119,180,172,133,82,147,252,115,110,39,32,46,27,24,12,144,283,57,211,104,140,Speak Asian and Pacific Island languages  (65+),seniors who speak Speak Asian and Pacific Island languages  (65+)
B16004_063,132,87,67,34,78,92,242,22,109,157,27,26,22,217,23,58,23,60,91,123,140,101,82,115,172,173,104,46,70,112,232,89,49,139,217,134,178,62,199,Speak other languages  (65+),seniors who speak Speak other languages  (65+)
B19001_002,44,52,48,55,57,116,287,304,134,120,104,122,147,113,64,139,52,31,29,32,26,17,57,63,67,107,106,144,130,231,198,232,313,130,273,217,137,110,369,"Less than $10,000","annual income Less than $10,000"
B19001_003,40,49,40,61,63,83,277,149,73,101,139,141,168,122,70,175,63,29,20,25,21,12,61,52,62,107,120,152,140,188,197,272,276,134,272,184,132,127,388,"$10,000 to $14,999","annual income $10,000 to $14,999"
B19001_004,46,58,47,70,82,92,211,131,58,84,143,153,158,130,80,195,78,37,23,29,25,13,70,57,63,129,127,156,147,171,183,240,236,136,190,192,116,122,287,"$15,000 to $19,999","annual income $15,000 to $19,999"
B19001_005,51,67,57,79,93,108,186,118,62,82,141,146,150,131,86,192,86,43,25,34,28,14,75,66,63,140,127,150,147,153,170,205,200,142,156,198,113,123,229,"$20,000 to $24,999","annual income $20,000 to $24,999"
B19001_006,54,73,65,86,102,118,171,102,64,81,139,142,145,133,91,192,91,49,28,39,32,16,78,72,67,140,122,145,153,141,158,184,177,144,133,191,109,116,194,"$25,000 to $29,999","annual income $25,000 to $29,999"
B19001_007,57,81,74,86,106,134,165,90,71,85,137,137,137,124,92,175,98,54,33,42,33,18,82,81,70,139,125,138,154,137,147,164,146,144,125,186,112,111,166,"$30,000 to $34,999","annual income $30,000 to $34,999"
B19001_008,62,88,80,91,117,144,162,81,68,80,136,139,127,122,99,178,102,62,38,47,34,21,87,84,71,134,122,128,146,122,137,158,135,145,118,168,100,103,150,"$35,000 to $39,999","annual income $35,000 to $39,999"
B19001_009,64,90,87,94,119,162,151,67,84,87,135,133,121,116,100,169,105,65,44,51,37,23,90,92,74,137,124,119,145,116,125,147,121,139,115,155,100,100,131,"$40,000 to $44,999","annual income $40,000 to $44,999"
B19001_010,69,98,92,95,122,155,144,61,79,85,133,130,121,115,103,165,112,70,47,56,39,27,93,97,77,138,123,107,141,114,119,142,107,133,108,139,98,95,117,"$45,000 to $49,999","annual income $45,000 to $49,999"
B19001_011,78,103,99,93,128,161,149,59,103,99,129,125,108,107,107,153,115,78,59,63,47,32,98,103,85,140,121,97,132,96,106,120,93,127,93,117,95,85,101,"$50,000 to $59,999","annual income $50,000 to $59,999"
B19001_012,86,111,103,91,136,161,139,42,119,110,125,119,103,101,111,139,121,90,72,76,55,39,104,111,91,132,119,87,124,85,91,105,71,114,81,91,89,76,81,"$60,000 to $74,999","annual income $60,000 to $74,999"
B19001_013,100,119,109,85,133,150,124,31,136,122,115,106,90,90,115,116,131,112,97,98,72,60,117,119,103,130,116,62,102,70,71,82,50,95,69,58,83,59,59,"$75,000 to $99,999","annual income $75,000 to $99,999"
B19001_014,112,120,106,73,124,127,115,25,172,134,100,88,71,75,116,93,132,139,130,129,101,96,130,127,118,131,112,40,77,53,51,60,32,75,52,33,75,45,44,"$100,000 to $124,999","annual income $100,000 to $124,999"
B19001_015,122,114,92,58,100,110,104,22,203,152,81,71,55,62,113,73,127,163,156,160,136,141,139,135,137,131,108,28,54,43,37,41,22,60,42,20,70,36,32,"$125,000 to $149,999","annual income $125,000 to $149,999"
B19001_016,125,99,70,44,77,94,102,20,257,178,59,51,39,50,95,60,109,179,174,193,193,208,154,140,163,140,97,18,37,33,23,28,15,46,36,12,66,26,25,"$150,000 to $199,999","annual income $150,000 to $199,999"
B19001_017,93,57,36,23,41,70,108,19,384,262,34,30,23,31,63,46,78,179,155,226,368,364,168,135,205,179,77,10,19,21,14,18,9,27,22,7,49,14,19,"$200,000 or more","annual income $200,000 or more"
B19059_002,90,108,63,53,128,57,119,19,59,66,130,134,112,96,118,235,139,137,76,125,107,82,134,93,87,249,125,57,96,85,90,116,94,70,52,34,50,32,86,With retirement income,households with With retirement income
B22010_003,60,64,62,94,64,43,182,37,26,68,128,153,161,137,75,118,53,21,22,17,14,8,42,39,53,40,96,192,183,286,222,275,299,137,339,184,162,135,392,Households with 1 or more persons with a disability,Households with 1 or more persons with a disability
B23024_002,61,65,74,107,63,117,173,387,101,111,95,119,142,131,71,92,49,26,34,29,24,16,48,62,71,45,90,190,148,213,187,197,253,141,231,229,159,177,254,Income in the past 12 months below poverty level:,Households in poverty
B25002_003,31,42,41,31,56,130,216,116,209,111,164,269,169,132,101,424,140,67,28,35,41,24,92,65,64,421,89,97,109,171,131,166,202,76,51,107,70,44,146,Vacant,housing units that are Vacant
B25003_003,46,51,63,64,53,291,328,176,314,241,79,52,65,72,41,59,38,21,32,25,23,10,71,122,117,107,138,108,123,142,129,175,154,190,261,263,174,134,272,Renter occupied,housing units that are Renter occupied
B25004_002,25,37,48,33,38,349,388,281,432,184,84,46,62,69,38,113,31,22,26,21,18,12,67,123,84,320,133,103,113,150,147,211,201,177,121,344,113,85,305,For rent,housing units that are For rent
B25004_004,68,90,84,55,117,54,98,29,111,81,157,148,119,118,121,280,113,101,83,80,92,76,109,79,85,235,98,98,149,166,126,159,135,65,18,27,60,37,79,For sale only,housing units that are For sale only
B25004_006,10,28,31,11,29,97,251,57,220,68,198,465,132,142,107,885,241,102,20,37,33,20,123,52,28,908,80,26,21,9,51,94,34,38,10,21,12,11,51,"For seasonal, recreational, or occasional use","housing units that are For seasonal, recreational, or occasional use"
B25004_007,11,46,54,83,21,150,77,78,122,83,209,233,281,388,198,282,160,26,10,13,13,5,56,63,17,99,58,175,64,44,145,143,111,70,34,81,67,274,164,For migrant workers,housing units that are For migrant workers
B25017_002,17,15,16,24,14,241,961,312,857,431,71,86,32,72,26,101,34,15,9,12,12,6,55,67,94,194,139,52,48,72,70,203,65,154,428,203,183,130,514,1 room,housing units with 1 room
B25017_003,13,9,9,16,8,427,753,255,1005,445,70,94,28,72,27,179,38,14,10,8,11,3,64,116,108,205,154,53,46,44,55,173,48,183,205,222,123,107,377,2 rooms,housing units with 2 rooms
B25017_004,21,17,19,28,15,373,506,184,531,351,78,85,45,76,36,156,41,16,13,10,12,3,69,122,124,207,146,72,75,80,87,185,86,198,312,284,168,127,337,3 rooms,housing units with 3 rooms
B25017_005,47,49,49,62,53,237,239,111,200,186,105,123,103,113,70,214,68,34,27,23,22,7,80,116,107,227,130,119,110,100,133,156,139,175,186,230,142,125,189,4 rooms,housing units with 4 rooms
B25017_006,86,98,100,107,119,97,83,59,69,91,127,154,155,135,113,216,104,66,54,49,43,19,87,90,94,183,102,135,128,122,145,126,177,103,78,95,101,88,101,5 rooms,housing units with 5 rooms
B25017_007,113,122,108,100,147,53,44,42,36,56,131,143,134,112,119,172,127,99,80,85,83,41,111,87,97,147,100,102,136,156,115,114,144,72,26,40,69,56,67,6 rooms,housing units with 6 rooms
B25017_008,111,125,101,70,142,34,27,25,21,40,133,133,121,91,126,137,146,137,114,136,134,86,132,92,94,136,100,63,115,113,91,96,98,52,10,20,41,29,43,7 rooms,housing units with 7 rooms
B25017_009,95,116,89,50,119,27,21,24,15,33,125,119,100,73,119,110,153,171,143,182,177,159,148,100,88,126,98,41,93,83,64,82,63,39,7,12,33,19,31,8 rooms,housing units with 8 rooms
B25017_010,65,85,59,25,91,22,20,22,14,37,117,101,72,54,109,76,160,211,167,213,221,334,154,102,89,121,91,24,73,61,44,72,38,25,7,6,30,10,26,9 or more rooms,housing units with 9 or more rooms
B25024_002,106,121,100,92,147,20,18,17,8,20,145,151,110,96,117,164,156,139,109,127,129,120,126,75,73,118,93,106,122,74,107,111,133,47,4,13,27,51,43,"1, detached",building that are detached
B25024_003,87,90,89,51,32,158,95,53,79,139,42,15,12,30,25,66,34,61,91,100,44,24,137,245,215,401,148,51,95,419,54,77,50,145,45,90,167,86,117,"1, attached",buildings that are attached
B25024_004,70,27,24,28,46,57,97,109,32,261,94,25,24,38,19,41,39,23,6,11,38,3,123,44,389,121,127,134,318,483,141,272,182,86,120,93,495,109,244,2,buildings that have 2 units
B25024_005,26,28,25,31,19,204,179,165,50,337,83,16,15,38,14,40,22,15,11,14,14,3,97,117,214,211,160,80,161,203,131,247,131,204,140,309,418,156,315,3 or 4,buildings that have 3 or 4 units
B25024_006,14,20,23,20,14,439,264,227,86,351,60,11,13,31,12,37,13,12,12,13,9,2,77,193,117,230,190,39,69,77,128,176,126,294,140,489,212,138,313,5 to 9,buildings that have 5 to 9 units
B25024_007,13,13,20,17,10,706,386,311,160,325,37,7,8,21,8,28,7,7,15,9,8,2,56,229,92,229,184,25,37,43,67,116,66,331,206,567,136,113,296,10 to 19,buildings that have 10 to 19 units
B25024_008,10,8,11,14,8,540,751,324,473,557,38,7,6,17,6,31,6,7,12,8,10,1,56,148,106,336,171,18,28,41,40,137,41,240,692,325,151,97,366,20 to 49,buildings that have 20 to 49 units
B25024_009,6,6,8,9,4,383,1288,247,1955,501,12,3,3,9,4,22,4,6,9,7,7,2,47,111,75,385,136,10,14,34,22,107,37,169,698,205,94,58,461,50 or more,buildings that have 50 or more units
B25024_010,7,31,60,55,14,17,15,11,4,2,179,474,604,501,345,809,117,33,17,9,3,4,15,23,4,56,30,99,15,6,185,91,80,60,2,34,4,90,42,Mobile home,housing units that are a Mobile home
B25034_002,14,47,168,30,20,283,208,152,707,124,52,87,88,105,163,146,69,118,281,50,40,142,65,219,47,149,71,30,16,20,47,43,33,77,38,50,30,34,74,Built 2014 or later,housing that is  Built 2014 or later
B25034_003,15,44,175,29,23,281,153,176,490,93,69,113,107,113,157,144,83,114,265,44,30,137,62,203,37,140,76,39,17,25,66,55,57,87,62,69,42,46,91,Built 2010 to 2013,housing that is  Built 2010 to 2013
B25034_004,16,71,223,44,27,185,104,76,281,54,82,135,120,124,166,211,106,143,254,65,27,165,64,159,29,210,70,31,15,21,67,43,46,81,31,70,31,40,63,Built 2000 to 2009,housing that is  Built 2000 to 2009
B25034_005,18,101,124,49,32,206,100,82,110,38,98,162,167,139,157,230,115,133,113,134,26,165,73,155,25,231,91,39,21,19,88,64,50,111,30,118,30,49,72,Built 1990 to 1999,housing that is  Built 1990 to 1999
B25034_006,26,155,70,74,39,191,162,72,91,52,91,134,135,131,116,246,95,102,36,172,36,81,88,141,39,296,118,51,28,20,105,87,68,152,36,176,35,69,110,Built 1980 to 1989,housing that is  Built 1980 to 1989
B25034_007,53,153,28,92,93,116,207,69,71,71,122,136,122,120,90,200,115,92,15,141,53,38,104,92,48,207,144,77,54,35,133,127,119,151,64,183,46,78,159,Built 1970 to 1979,housing that is  Built 1970 to 1979
B25034_008,149,88,14,108,208,63,220,67,104,119,116,103,96,76,53,124,97,74,9,81,158,25,141,50,93,128,154,115,104,85,152,138,199,117,138,118,87,98,168,Built 1960 to 1969,housing that is  Built 1960 to 1969
B25034_009,263,40,11,127,287,30,116,41,57,117,123,86,68,54,34,79,93,57,6,29,230,14,165,26,142,74,137,190,202,177,138,167,239,79,137,55,105,112,139,Built 1950 to 1959,housing that is  Built 1950 to 1959
B25034_010,177,21,10,65,165,21,124,49,70,185,151,112,71,55,32,70,103,43,6,12,173,8,145,15,228,46,101,230,298,332,126,220,250,49,213,43,187,125,163,Built 1940 to 1949,housing that is  Built 1940 to 1949
B25034_011,70,12,6,17,81,12,208,81,155,427,203,126,46,32,28,49,157,51,5,8,125,10,138,10,328,40,92,112,344,386,61,265,114,21,256,20,304,60,192,Built 1939 or earlier,housing that is  Built 1939 or earlier
B25041_002,19,16,17,28,14,232,971,308,891,474,68,84,33,70,26,100,33,15,11,12,12,7,55,65,98,184,137,53,48,71,66,198,62,150,427,195,183,128,501,No bedroom,housing units that are have No bedroom
B25041_003,16,9,9,16,14,387,599,175,607,395,80,74,27,55,24,133,40,14,8,7,12,3,75,107,140,177,157,64,94,97,77,214,88,188,303,290,172,111,394,1 bedroom,housing units that are have 1 bedroom
B25041_004,50,44,32,49,72,217,205,101,198,163,124,136,98,104,68,252,86,46,20,25,33,7,97,115,117,259,131,121,141,121,127,163,148,156,137,188,125,104,160,2 bedrooms,housing units that are have 2 bedrooms
B25041_005,103,127,109,97,147,46,32,31,29,48,133,155,158,126,138,169,138,113,78,91,89,45,109,85,84,135,97,96,111,117,122,100,136,70,36,41,63,57,57,3 bedrooms,housing units that are have 3 bedrooms
B25041_006,100,117,117,76,98,23,16,51,13,32,99,93,86,73,108,75,126,170,174,204,177,224,133,107,77,116,87,48,72,72,61,65,60,41,13,12,36,32,31,4 bedrooms,housing units that are have 4 bedrooms
B25041_007,85,74,74,40,62,19,22,36,14,48,100,86,53,49,87,52,132,162,225,211,239,403,134,103,102,116,78,31,64,91,37,64,34,24,17,6,54,20,32,5 or more bedrooms,housing units that are have 5 or more bedrooms
B25056_003,12,20,22,28,21,62,264,74,75,86,124,50,86,97,21,40,18,6,6,6,5,2,30,35,35,52,90,125,110,314,474,353,679,126,335,401,186,127,701,Less than $100,rent is Less than $100
B25056_004,13,20,17,25,19,35,220,77,36,67,170,91,153,119,30,54,30,6,5,5,2,1,33,30,37,35,109,121,96,245,447,368,556,151,361,326,170,127,658,$100 to $149,rent is $100 to $149
B25056_005,9,15,14,18,15,30,404,65,52,127,162,66,94,93,22,78,24,5,3,3,3,1,30,30,41,58,126,119,94,181,353,422,388,149,605,285,182,117,855,$150 to $199,rent is $150 to $199
B25056_006,10,14,11,28,16,35,545,65,72,104,147,93,97,81,33,67,33,6,4,3,4,1,35,25,40,59,133,107,96,199,233,429,329,116,745,213,175,137,983,$200 to $249,rent is $200 to $249
B25056_007,14,13,15,25,18,24,543,90,45,122,166,114,132,104,34,76,39,6,3,4,4,0,43,22,45,58,135,124,103,162,243,445,339,114,793,188,138,122,802,$250 to $299,rent is $250 to $299
B25056_008,15,21,22,32,33,28,292,96,48,76,215,173,186,149,65,101,68,14,5,4,3,1,42,25,33,56,118,164,157,174,292,426,413,99,396,153,117,108,535,$300 to $349,rent is $300 to $349
B25056_009,9,19,19,33,34,30,241,157,31,55,229,166,193,147,57,118,59,9,7,4,3,1,45,21,25,48,118,192,201,162,319,506,420,90,312,150,81,110,498,$350 to $399,rent is $350 to $399
B25056_010,14,24,21,35,53,26,162,163,25,47,234,170,202,144,72,110,78,15,6,4,3,2,51,25,32,40,104,212,245,203,297,477,388,94,212,139,90,115,407,$400 to $449,rent is $400 to $449
B25056_011,7,22,21,31,48,36,182,201,24,45,218,124,177,132,61,112,57,11,5,4,3,1,50,24,28,46,121,218,269,216,304,496,379,110,203,200,79,114,453,$450 to $499,rent is $450 to $499
B25056_012,17,31,28,49,66,50,158,179,21,53,189,123,156,139,73,102,75,20,7,8,6,2,63,29,41,54,119,240,277,246,268,396,330,114,132,220,94,125,377,$500 to $549,rent is $500 to $549
B25056_013,10,29,21,36,61,67,196,253,19,46,158,78,108,109,48,77,51,12,4,5,3,1,62,35,33,58,148,217,282,235,270,410,341,160,132,337,90,137,465,$550 to $599,rent is $550 to $599
B25056_014,19,37,29,56,75,102,190,254,28,62,136,73,95,107,62,78,60,17,8,8,5,2,64,42,46,65,149,214,260,253,223,323,278,173,144,347,114,151,391,$600 to $649,rent is $600 to $649
B25056_015,15,35,28,52,69,146,236,265,36,67,112,52,68,95,51,61,47,14,6,7,5,1,72,55,48,70,171,181,242,242,205,290,253,215,136,464,107,138,412,$650 to $699,rent is $650 to $699
B25056_016,23,42,36,65,76,182,249,230,40,75,95,44,61,86,49,62,48,16,9,7,7,2,75,69,60,71,172,185,214,230,174,235,224,228,148,462,131,163,363,$700 to $749,rent is $700 to $749
B25056_017,23,50,40,69,80,233,258,217,53,85,75,34,50,81,48,58,43,17,8,9,6,3,77,84,66,89,187,149,188,220,153,188,165,258,154,481,148,155,344,$750 to $799,rent is $750 to $799
B25056_018,32,57,55,82,79,300,279,213,58,119,57,24,38,75,43,52,38,21,12,12,8,2,76,112,81,95,179,130,152,187,121,137,124,269,214,449,182,167,287,$800 to $899,rent is $800 to $899
B25056_019,35,60,72,89,72,418,325,192,90,153,39,13,24,56,35,41,25,18,18,13,9,3,77,153,98,109,178,90,112,149,85,93,72,290,248,425,204,167,238,$900 to $999,rent is $900 to $999
B25056_020,50,70,101,91,61,494,357,170,179,215,24,10,14,45,30,40,23,24,31,23,16,5,75,183,131,120,155,62,70,102,48,58,35,272,346,305,236,165,173,"$1,000 to $1,249","rent is $1,000 to $1,249"
B25056_021,60,77,131,83,42,554,408,170,341,309,13,5,6,29,23,30,17,24,57,32,22,9,74,211,168,132,131,31,41,62,25,34,17,231,377,195,253,150,126,"$1,250 to $1,499","rent is $1,250 to $1,499"
B25056_022,91,67,100,70,25,479,470,168,701,507,8,3,4,17,17,22,11,27,88,52,39,19,79,212,232,136,111,19,21,46,11,21,7,172,326,111,252,125,79,"$1,500 to $1,999","rent is $1,500 to $1,999"
B25056_023,121,45,55,47,15,380,532,183,1345,793,7,2,2,10,9,15,7,24,96,74,73,40,81,200,278,168,99,9,10,24,8,22,5,103,181,40,203,63,64,"$2,000 to $2,499","rent is $2,000 to $2,499"
B25056_024,123,33,51,29,12,301,531,131,1988,1018,5,2,1,7,6,13,6,24,80,95,111,54,85,177,294,214,82,5,6,8,4,15,4,60,103,18,114,30,54,"$2,500 to $2,999","rent is $2,500 to $2,999"
B25056_025,78,22,47,14,7,189,561,143,2420,1061,12,2,3,7,2,18,6,16,62,109,155,67,99,138,286,318,93,3,6,5,8,27,4,42,75,21,75,16,57,"$3,000 to $3,499","rent is $3,000 to $3,499"
B25056_026,50,11,24,8,7,135,588,126,2748,1049,16,2,2,10,2,20,6,15,41,89,212,72,113,123,273,470,100,3,4,5,3,24,2,35,49,7,55,10,52,"$3,500 or more","rent is $3,500 or more"
B25070_002,36,42,45,52,57,230,334,100,514,333,114,75,80,95,56,63,66,30,31,28,37,15,88,109,132,124,141,90,125,123,131,176,111,135,281,171,156,91,256,Less than 10.0 percent,proportion of income spent on housing Less than 10.0 percent
B25070_003,42,53,60,56,71,322,295,101,421,304,103,60,68,78,53,58,55,30,39,29,30,14,87,134,144,91,143,97,144,103,119,165,101,158,199,182,148,100,196,10.0 to 14.9 percent,proportion of income spent on housing 10.0 to 14.9 percent
B25070_004,48,58,68,60,66,366,299,105,419,294,83,45,55,68,44,48,43,26,42,30,29,14,82,148,143,92,146,95,132,104,109,158,96,179,191,210,152,104,202,15.0 to 19.9 percent,proportion of income spent on housing 15.0 to 19.9 percent
B25070_005,49,57,74,62,58,366,316,111,393,285,74,39,49,64,39,50,35,22,40,30,25,11,77,150,133,97,144,91,119,107,112,162,103,197,210,247,154,116,224,20.0 to 24.9 percent,proportion of income spent on housing 20.0 to 24.9 percent
B25070_006,44,52,65,62,49,338,369,120,323,250,74,36,44,61,34,45,30,20,37,26,21,9,71,134,117,95,147,96,120,114,121,194,130,201,254,276,165,131,314,25.0 to 29.9 percent,proportion of income spent on housing 25.0 to 29.9 percent
B25070_007,44,50,65,66,49,312,353,132,296,231,72,34,49,64,32,52,27,17,32,24,19,9,66,130,112,98,143,106,117,126,127,191,138,209,312,297,173,144,321,30.0 to 34.9 percent,proportion of income spent on housing 30.0 to 34.9 percent
B25070_008,45,51,70,73,49,304,323,150,263,210,68,37,50,64,33,48,27,17,31,22,19,8,67,127,109,106,139,113,122,131,133,175,146,223,284,317,188,157,292,35.0 to 39.9 percent,proportion of income spent on housing 35.0 to 39.9 percent
B25070_009,47,50,69,75,46,273,324,171,247,200,66,38,50,66,31,54,26,15,28,21,18,7,63,120,106,118,141,117,119,151,137,171,166,226,268,331,194,167,301,40.0 to 49.9 percent,proportion of income spent on housing 40.0 to 49.9 percent
B25070_010,45,43,59,66,39,236,372,328,231,210,58,35,52,60,28,55,22,13,22,18,16,5,59,99,101,132,137,122,122,207,136,181,215,209,347,318,219,170,332,50.0 percent or more,proportion of income spent on housing 50.0 percent or more
B28001_004,79,90,45,53,130,65,168,31,62,79,167,167,113,105,100,257,151,103,40,80,82,39,131,75,88,225,143,69,128,89,105,169,97,91,81,60,65,44,133,Desktop or laptop with no other type of computing device,households with a Desktop or laptop with no other type of computing device
B28001_006,55,61,61,108,78,92,148,32,40,65,124,145,180,155,101,126,82,33,21,20,15,8,49,53,52,64,91,205,150,207,201,184,261,150,217,251,146,181,274,Smartphone with no other type of computing device,households with a Smartphone with no other type of computing device
B28001_008,68,71,40,61,106,61,185,24,42,66,177,182,138,106,91,219,123,70,26,46,51,19,109,64,80,225,151,103,147,132,147,203,178,104,128,106,85,81,201,Tablet or other portable wireless computer with no other type of computing device,households with a Tablet or other portable wireless computer with no other type of computing device
B28001_011,55,52,29,66,95,40,217,27,33,70,170,199,205,133,87,205,117,47,14,26,33,9,82,40,65,154,127,157,137,175,191,236,266,99,182,120,112,113,302,No Computer,households with No Computer
B28002_006,67,76,72,91,86,113,142,56,81,87,125,152,162,139,127,140,119,69,45,49,44,32,72,74,73,95,98,140,123,141,143,140,166,127,145,176,116,125,173,Cellular data plan with no other type of Internet subscription,households with a Cellular data plan with no other type of Internet subscription
B28002_008,81,91,65,68,120,98,155,49,84,92,147,135,93,99,91,196,125,98,51,80,78,43,124,86,92,188,133,82,128,104,109,156,103,101,102,89,90,65,132,"Broadband such as cable, fiber optic or DSL with no other type of Internet subscription","households with a Broadband such as cable, fiber optic or DSL with no other type of Internet subscription"
B28002_009,84,105,105,88,91,83,79,49,89,63,129,191,166,141,172,194,167,110,104,94,58,85,74,87,63,114,83,78,76,79,94,84,90,83,50,62,65,74,66,Satellite Internet service,households with a Satellite Internet service
B28002_012,58,66,70,71,77,135,291,404,165,104,120,118,118,112,84,152,90,58,44,48,36,30,82,82,69,198,128,104,108,138,135,171,146,127,131,144,106,96,233,Internet access without a subscription,households with Internet access without a subscription
B28002_013,56,56,38,78,89,52,190,33,36,70,158,192,212,147,97,194,112,46,16,25,28,9,71,42,61,121,112,168,133,180,192,212,259,110,189,151,121,133,281,No Internet access,households with No Internet access
B28005_005,101,107,134,121,98,79,35,14,43,62,95,86,86,102,102,46,91,102,139,105,113,134,92,107,89,48,86,115,102,105,100,79,97,104,100,120,103,121,77,With a broadband Internet subscription,household has a computer  With a broadband Internet subscription
B28005_006,62,64,102,175,60,61,37,31,21,35,98,136,182,208,101,60,67,34,44,26,18,22,32,51,40,20,59,271,114,210,225,113,260,144,206,287,167,299,174,Without an Internet subscription,household has a computer  Without an Internet subscription
C02003_012,141,120,158,190,79,125,103,97,104,125,50,38,46,123,68,43,35,45,121,96,84,80,65,114,115,48,89,172,111,76,87,83,45,148,126,125,140,179,118,Population of two races:,population includes two or more races
C02003_018,193,140,157,127,73,136,141,85,91,138,38,19,46,85,44,29,26,43,131,101,85,63,72,147,131,39,114,91,101,137,83,80,63,163,146,133,161,95,142,Population of three races,population includes three or more races
C24030_003,30,63,83,166,77,46,28,33,37,15,293,269,194,274,168,160,283,79,66,45,23,57,56,54,20,45,65,198,59,15,98,105,46,50,10,45,16,208,41,"Agriculture, forestry, fishing and hunting, and mining:","Men employed in Agriculture, forestry, fishing and hunting, and mining:"
C24030_010,134,117,124,120,106,118,88,36,66,81,103,106,106,97,116,77,111,92,106,86,66,72,83,100,99,57,95,85,99,114,86,73,81,118,123,121,140,108,81,"Transportation and warehousing, and utilities:","Men employed in Transportation and warehousing, and utilities:"
C24030_014,90,86,73,54,84,173,160,56,385,243,47,36,33,43,61,49,66,122,138,157,221,209,135,142,160,132,101,38,61,52,37,48,31,79,92,60,85,43,60,"Finance and insurance, and real estate, and rental and leasing:","Men employed in Finance and insurance, and real estate, and rental and leasing:"
C24030_018,86,76,63,37,71,232,195,80,480,323,35,29,26,35,58,41,59,123,145,173,224,230,136,159,194,122,94,22,46,31,25,36,16,68,47,43,71,26,46,"Professional, scientific, and technical services","Men employed in Professional, scientific, and technical services"
C24030_019,86,87,82,55,81,223,116,43,366,187,46,36,25,49,74,30,66,139,177,169,195,282,127,167,135,100,95,20,57,46,33,31,9,69,63,41,57,26,38,Management of companies and enterprises,Men employed in Management of companies and enterprises
C24030_020,125,109,111,156,98,114,99,55,81,91,73,77,88,101,96,77,81,82,84,82,67,69,81,96,93,68,97,135,107,120,96,83,93,137,125,160,141,185,119,Administrative and support and waste management services,Men employed in Administrative and support and waste management services
C24030_021,107,91,84,68,101,140,156,254,166,177,75,61,55,62,75,59,87,110,107,123,142,120,135,119,158,96,120,52,90,88,63,95,58,90,89,72,103,54,86,"Educational services, and health care and social assistance:","Men employed in Educational services, and health care and social assistance:"
C24030_024,111,105,103,108,97,151,162,184,113,159,68,52,53,82,70,70,62,73,89,87,76,76,94,111,126,87,115,103,114,99,89,117,87,142,145,144,149,114,129,"Arts, entertainment, and recreation, and accommodation and food services:","Men employed in Arts, entertainment, and recreation, and accommodation and food services:"
C24030_030,46,70,96,202,68,69,41,62,69,26,208,183,127,223,146,123,233,93,77,58,36,77,78,70,37,53,77,188,59,19,75,83,24,57,12,75,25,339,47,"Agriculture, forestry, fishing and hunting, and mining:","Women employed in Agriculture, forestry, fishing and hunting, and mining:"
C24030_037,129,115,124,114,99,133,95,40,91,88,92,90,90,84,103,67,97,82,102,89,64,73,84,107,95,67,94,81,105,165,97,71,117,130,122,147,138,105,103,"Transportation and warehousing, and utilities:","Women employed in Transportation and warehousing, and utilities:"
C24030_041,103,111,101,68,112,163,112,45,217,141,81,65,61,64,91,68,96,122,133,130,128,132,122,138,121,116,106,51,82,68,62,64,56,95,59,81,72,48,62,"Finance and insurance, and real estate, and rental and leasing:","Women employed in Finance and insurance, and real estate, and rental and leasing:"
C24030_045,100,88,75,48,85,185,183,73,440,323,50,44,40,46,74,55,74,116,127,146,191,170,131,145,195,112,99,31,59,45,38,44,26,77,56,51,79,34,53,"Professional, scientific, and technical services","Women employed in Professional, scientific, and technical services"
C24030_046,86,106,99,63,99,176,200,67,215,199,55,54,39,52,74,42,73,95,142,145,172,177,133,157,141,116,114,36,58,53,43,52,30,98,58,74,76,49,52,Management of companies and enterprises,Women employed in Management of companies and enterprises
C24030_047,112,105,110,127,90,151,109,59,106,111,67,67,78,90,80,73,70,76,87,77,70,70,76,105,101,78,95,118,107,142,102,82,130,156,137,205,149,153,130,Administrative and support and waste management services,Women employed in Administrative and support and waste management services
C24030_048,106,103,95,77,110,118,103,126,103,121,102,89,86,80,97,70,109,112,105,106,111,100,120,111,124,81,111,67,101,105,85,94,86,93,104,80,100,60,82,"Educational services, and health care and social assistance:","Women employed in Educational services, and health care and social assistance:"
C24030_051,96,103,104,106,100,143,129,220,97,123,86,75,78,98,82,76,78,74,80,79,68,65,93,104,103,77,110,115,122,100,110,127,115,139,98,164,113,116,129,"Arts, entertainment, and recreation, and accommodation and food services:","Women employed in Arts, entertainment, and recreation, and accommodation and food services:"
