UniqueID,V1,V2,V3,V4,V5,V6,V7,Stub,CONCEPT,DOMAIN
B01001_003,96.21912086953083,100.5627812738368,134.04063305152138,116.69361718280302,93.77463228877488,105.36481786282967,47.33497417789938,Under 5 years,POP,Family
B01001_004,94.07798632554538,101.8117296850443,130.6431822747134,123.04763999140577,95.29016310711773,76.02492439585293,36.02433433230126,5 to 9 years,POP,Family
B01001_005,97.82024224830985,103.63013262680563,130.08062611274354,129.85333786632526,92.40374755992218,59.84280961604965,29.779105167792096,10 to 14 years,POP,Family
B01001_006,101.49325826955766,106.08850406685701,122.51682248451286,127.63685329251051,95.02809275305071,56.31119382726324,28.079830036570502,15 to 17 years,POP,Family
B01001_007,98.98884238515933,92.77539948488884,113.90878478279436,121.72398492875678,93.70392595516172,65.89802842902701,61.85714082595257,18 and 19 years,POP,Family
B01001_008,99.3199816924789,88.37328946446678,120.31862446698224,124.56388341624674,91.19992954098457,95.79719022694343,86.29417706879758,20 years,POP,Family
B01001_009,100.7588606891426,86.81953826599111,115.4346301305261,123.50450345599509,89.85228700036883,108.97502231295853,105.33620324963697,21 years,POP,Family
B01001_010,100.50136745010587,91.72208060991346,110.00635276875185,115.81203384397081,87.43543470235822,183.5064988667681,152.96876444849298,22 to 24 years,POP,Family
B01001_011,103.35224993573597,95.4733162771895,107.65575914072167,108.85018490204689,99.19026470177775,229.64387925278083,190.440097886623,25 to 29 years,POP,Family
B01001_012,104.74742893363013,100.31272624916599,118.53969320229254,107.57490284579904,100.61812513997978,193.65102038176906,165.88708161454755,30 to 34 years,POP,Family
B01001_013,105.72400924835459,102.0165773935011,121.03685418478631,105.5021295470677,101.45721078349108,135.95739462486185,114.86192101616875,35 to 39 years,POP,Family
B01001_014,108.03272902766406,100.45271429940456,114.38642473893772,108.82123748827152,94.83688175792247,102.50259447421853,94.90500626364421,40 to 44 years,POP,Family
B01001_015,106.15584761207779,99.37220659629337,102.76972009174652,103.79735119585014,95.45271703552125,88.58251867840076,84.470470792023,45 to 49 years,POP,Family
B01001_016,108.22841856842267,100.94086689762862,87.87767941395033,98.31424789769507,99.99164651464534,72.52105683431928,85.86016902027667,50 to 54 years,POP,Family
B01001_017,105.65447203600257,103.31763758443925,74.8889666098205,85.45864064172449,105.37591001029728,64.3337935308383,94.33678646238276,55 to 59 years,POP,Family
B01001_018,103.2214965808511,103.3084803194242,66.93733618670723,80.52234114240314,108.40587143747736,56.023940833791166,96.17064088786708,60 and 61 years,POP,Family
B01001_019,99.05630513434018,102.10454831456546,64.37600104916373,75.14176930549404,111.37930726380738,54.8597963896045,99.49650586072084,62 to 64 years,POP,Family
B01001_020,97.40672784313132,103.11763456722869,60.53065641015388,69.52539209782427,109.1582870840889,52.31182029400574,106.53972818227808,65 and 66 years,POP,Family
B01001_021,91.77751592796743,103.8310089817039,61.402174208008844,66.1329933269294,107.84372077237148,47.28637618679824,102.54061497947416,67 to 69 years,POP,Family
B01001_022,84.00710430657767,101.40581467076441,55.45979842218471,61.47327144698787,107.54883425599087,44.37479097484964,110.2170269189445,70 to 74 years,POP,Family
B01001_023,85.23416534806184,98.86036394840944,51.458340683743344,63.4838084007341,111.21417757449879,41.1597173961348,116.65826717945092,75 to 79 years,POP,Family
B01001_024,91.84249131506469,91.43367731742447,45.706721828260285,64.10633982720077,123.36604844131733,42.01224199962201,159.78109741989675,80 to 84 years,POP,Family
B01001_025,98.25535194771142,84.46317883385905,38.799365746670325,60.64580566641169,128.88009026132602,44.83982097861421,252.2218268824086,85 years and over,POP,Family
B01001_027,95.14928896815942,100.5603468342139,131.43094385778844,119.58476849529876,94.73777349273132,107.38436583696898,50.0036321811152,Under 5 years,POP,Family
B01001_028,93.89742918806567,102.46692029196069,133.15586866902814,122.99389083643734,94.14447799943744,78.14851327758942,33.97878120494432,5 to 9 years,POP,Family
B01001_029,98.28867005900402,102.04097507549506,131.1907593910525,128.7441923271593,93.91965273777166,60.13259292969373,27.97086894457148,10 to 14 years,POP,Family
B01001_030,100.80797447278213,105.61864104157111,122.87953450243272,130.61153135276055,96.2053299588765,54.953027099255195,31.196693356799805,15 to 17 years,POP,Family
B01001_031,94.35877753849226,90.7040604632055,99.44170255852502,117.27356264205152,92.1548413624418,72.70289200866988,77.0414285569386,18 and 19 years,POP,Family
B01001_032,88.78963625626525,86.26345919682453,107.59761844176975,108.1343610626559,86.26947406279153,113.44761304743143,105.32454615717286,20 years,POP,Family
B01001_033,94.94925952496925,85.0768483648562,97.43774165545534,116.57216650801439,81.99417332899944,140.07177899202497,122.19089014009852,21 years,POP,Family
B01001_034,100.0005094573595,89.33153186001395,97.16389192736139,109.0507951212935,79.85980727056554,218.97009715680196,169.58276667055327,22 to 24 years,POP,Family
B01001_035,98.0999566680569,94.47124021572155,109.08230733144413,104.07765123667775,92.30606234118581,234.60764715150853,185.47766198059924,25 to 29 years,POP,Family
B01001_036,99.54356665434015,100.48181858589751,121.80573068005734,101.00675705897714,99.94651257831991,177.31209949438863,136.34832337938732,30 to 34 years,POP,Family
B01001_037,102.87432610797947,102.08032846129377,123.85119447708821,101.19753622899958,99.74127970022691,123.49525327494015,89.60184235462637,35 to 39 years,POP,Family
B01001_038,104.10570855320415,101.31831890420149,117.21261340666409,104.61052319112547,93.97703885072623,99.04404513347804,73.74535745783533,40 to 44 years,POP,Family
B01001_039,106.97857877891215,100.98319123380422,101.57934458311864,99.38495038976843,93.65791562649518,85.4388576889544,72.50571148063926,45 to 49 years,POP,Family
B01001_040,107.09913446172837,104.60785972073421,88.14281492686631,89.62110130385518,99.28990363666759,77.16288554991617,78.69813372696728,50 to 54 years,POP,Family
B01001_041,102.99064482854754,107.72204334274875,78.01400797557301,83.60309626208763,105.77166957415332,69.55986134166513,82.2925389916791,55 to 59 years,POP,Family
B01001_042,105.82095446213202,104.91081775578463,71.06313216662149,78.27493998647583,109.1699501319246,65.76931120014942,87.96389836253866,60 and 61 years,POP,Family
B01001_043,99.22434985535683,105.88976188023108,68.1562732427,74.67731654715153,110.6275571257189,59.598863616326916,92.50258499892675,62 to 64 years,POP,Family
B01001_044,97.57675242559581,105.58693918874403,64.05910906823026,72.29881249496674,108.87621801451675,55.934406173985515,103.00035171509504,65 and 66 years,POP,Family
B01001_045,90.9298290116764,107.67133730752934,58.7555433331297,67.17254471436098,109.01282749110477,56.40316424162919,108.06494822938366,67 to 69 years,POP,Family
B01001_046,90.01994831116427,101.09584712228738,57.19767666500574,65.26119156038266,111.67295088432523,51.18966346173352,125.72818873832969,70 to 74 years,POP,Family
B01001_047,90.8337052699155,96.3382510192592,50.99147891035851,65.41397400443472,120.13396286487006,46.52116976401387,153.8976477936269,75 to 79 years,POP,Family
B01001_048,97.1420165719849,91.25468892996813,42.60984790860739,67.83811422507459,130.00272831322204,46.96698084187524,202.823104577671,80 to 84 years,POP,Family
B01001_049,102.3802079167171,77.14110796844997,33.489718235185826,57.16973285950032,128.24881828279385,50.95475022606297,303.9560123016062,85 years and over,POP,Family
B02001_002,74.34975829290066,97.393346512785,84.62147390743465,82.77995299992479,116.5853213996679,81.00555831749892,90.07654910684622,White alone,POP,Race / Ancestory / Citizenship
B02001_003,131.11456000871192,114.97389996775036,146.61094906679628,65.07787812347044,69.52927358973113,135.89223715192475,104.04821594206312,Black or African American alone,POP,Race / Ancestory / Citizenship
B02001_004,63.848967745890505,80.0560383658546,88.3177633163655,113.51112061394663,60.84279104794346,67.1862627099712,68.02239428087479,American Indian and Alaska Native alone,POP,Race / Ancestory / Citizenship
B03003_003,171.22922853682252,102.22094583869077,184.00811226402845,358.2481509981024,57.26928994700115,104.19800339242894,84.66118967101697,Hispanic or Latino,POP,Race / Ancestory / Citizenship
B08007_003,103.79111092210857,105.6377988799202,103.7110964263806,106.36960414579862,111.66699323712221,138.98508171586636,126.94863303339304,Worked in county of residence,ECONOMY,Mobility
B08008_003,84.02610702100856,96.8045420954466,91.90428128695585,105.57474554078874,128.0683610103325,175.57049169098852,207.38014382158258,Worked in place of residence,ECONOMY,Mobility
B08301_010,145.53253231113757,24.89588888774441,18.301603175080423,34.21524568008117,15.236902238536612,92.27224054822616,317.7839725966356,Public transportation (excluding taxicab):,ECONOMY,Transport
B08302_002,129.08294126397695,120.82709092851798,142.42596310058892,159.04244584093377,100.11606946096757,89.52621241519208,58.82992144520499,12:00 a.m. to 4:59 a.m.,ECONOMY,Start Work Time
B08302_003,132.3288823305171,113.92051555674281,133.45079134453513,152.51452044277272,89.07282956439082,87.45938379924411,58.170202463997455,5:00 a.m. to 5:29 a.m.,ECONOMY,Start Work Time
B08302_004,116.24028649357865,116.13189227000358,122.64427958954394,119.84984260308238,112.60694918122587,94.51316958792889,65.07211908058622,5:30 a.m. to 5:59 a.m.,ECONOMY,Start Work Time
B08302_005,116.89018183168945,111.80504720186795,122.15230740390857,123.7792697358814,98.12181277237883,100.5615867853284,71.82368178713126,6:00 a.m. to 6:29 a.m.,ECONOMY,Start Work Time
B08302_006,101.01403645232756,110.70609851588682,105.50213200781242,86.37596029156809,115.01818332609335,113.13175103201654,80.49766261977275,6:30 a.m. to 6:59 a.m.,ECONOMY,Start Work Time
B08302_007,103.62738908046745,104.19634724195208,103.07340175667238,92.02238634256014,103.5824154938414,123.15918188579803,90.22019178233629,7:00 a.m. to 7:29 a.m.,ECONOMY,Start Work Time
B08302_008,85.62659785056039,100.52734512265272,82.70994971109326,70.31329030136531,122.56009846928879,137.99120136982245,110.96499884122993,7:30 a.m. to 7:59 a.m.,ECONOMY,Start Work Time
B08302_009,106.27136938271985,93.14082199202348,83.10627470135024,76.83468141652438,95.34402421728113,150.49805075382204,146.49699035107807,8:00 a.m. to 8:29 a.m.,ECONOMY,Start Work Time
B08302_010,98.90464883766576,88.00855386209572,69.34001077576836,63.95315746346203,100.61788685930819,186.1587838428053,186.6129741861823,8:30 a.m. to 8:59 a.m.,ECONOMY,Start Work Time
B08302_011,106.64214781021948,93.85910898596698,81.56012603489195,78.55967524521986,88.12039857280344,181.7237682480943,179.37971010998893,9:00 a.m. to 9:59 a.m.,ECONOMY,Start Work Time
B08302_012,112.47346164828285,99.39723349423016,88.60678880966539,91.94187108741895,94.71413379945277,161.01356766740835,153.47739549160565,10:00 a.m. to 10:59 a.m.,ECONOMY,Start Work Time
B08302_013,119.86846716754896,100.3095448453469,104.08978368223293,96.80894819858273,96.77710430221072,148.59334394515585,142.38790140411356,11:00 a.m. to 11:59 a.m.,ECONOMY,Start Work Time
B08302_014,115.27119427423477,100.51319216154053,100.88093291156241,103.52341893941745,112.22430171964999,123.2184562795251,114.84599804746283,12:00 p.m. to 3:59 p.m.,ECONOMY,Start Work Time
B08302_015,103.49394413286302,108.92121103296053,113.64926857557312,101.49787803057974,115.716012069172,126.22690876651991,103.9736284937443,4:00 p.m. to 11:59 p.m.,ECONOMY,Start Work Time
B08303_002,47.351439610840046,66.92226391402212,62.387945459775565,57.88973122740355,132.49929934570827,88.28670429932745,98.85276787243885,Less than 5 minutes,ECONOMY,Mobility
B08303_003,66.3546419198389,87.30311662061249,76.90768704270988,79.28687677854882,153.93324799819533,123.92797179758372,115.987648833767,5 to 9 minutes,ECONOMY,Mobility
B08303_004,84.5705205513911,102.89794153541337,87.97806735842885,91.91670315618266,140.31316160693282,143.86067173715887,124.87410123067204,10 to 14 minutes,ECONOMY,Mobility
B08303_005,94.85375205196922,110.56027442733316,96.4353132716755,99.08561521407253,129.28450287630446,154.68810568476593,120.06583422074048,15 to 19 minutes,ECONOMY,Mobility
B08303_006,103.52860419102244,115.36095561066378,105.08462819190545,103.65094268870723,112.78817307567634,146.04666249250187,108.34776250483576,20 to 24 minutes,ECONOMY,Mobility
B08303_007,102.0269720427144,113.54083983916965,110.74490801098793,98.84085611907187,100.98001309132879,141.50045242680608,100.33053299087527,25 to 29 minutes,ECONOMY,Mobility
B08303_008,126.73636195526659,110.92216907549401,114.73883233496105,114.20275189420883,83.83233402658793,131.41299224905003,105.53981561140063,30 to 34 minutes,ECONOMY,Mobility
B08303_009,114.52086655970419,105.7264949187894,113.92886013547432,77.88581049217036,72.85594238432172,115.18260818208483,92.42672799757936,35 to 39 minutes,ECONOMY,Mobility
B08303_010,129.46558565673598,98.31591488117697,111.74822382019671,91.45781723059353,64.80027267964667,113.61214776040029,101.59321513630886,40 to 44 minutes,ECONOMY,Mobility
B08303_011,134.5438213398221,101.9245795703507,116.40620359531812,87.99429429200903,60.42321981550916,99.80409959011529,95.66828512306701,45 to 59 minutes,ECONOMY,Mobility
B08303_012,160.87022061919703,89.21736630414483,109.88762435032444,98.24609301451697,45.12429125854965,90.59690955197752,96.08339415840689,60 to 89 minutes,ECONOMY,Mobility
B08303_013,156.52045192730276,96.73803915505418,110.97336185224536,106.91648268130449,57.72589690954345,77.62326743655588,83.65217770881983,90 or more minutes,ECONOMY,Mobility
B09019_005,52.31430212283722,65.03484658740886,47.98338994036494,42.53305596118464,94.76930543296066,204.23620294947247,331.78245628372053,Living alone,POP,Household
B09019_008,56.24420621768469,70.6820545777536,45.918307501462614,38.6992687214539,102.42830269249356,173.11939662301717,308.9350081987826,Living alone,POP,Household
B09019_011,98.74654687084796,91.35109102012494,73.76040717050687,63.64952634949695,102.12504584935293,129.37572658186718,203.21992854813874,Same-sex spouse,POP,Household
B09019_015,111.50817366769058,106.48387610589998,123.99217376963729,128.96898792446044,95.01168120728461,73.58502953524085,39.59483563526528,Biological child,POP,Children
B09019_016,93.89325435437581,119.52905476644422,116.2850167879641,87.26889194742769,106.89444922044878,47.27188952931332,29.86420023960763,Adopted child,POP,Children
B09019_017,100.60496983468785,126.85099918719145,160.0613710510018,120.98698242594293,117.02866658522055,56.67510940758637,23.157660484433304,Stepchild,POP,Children
B09019_018,158.31837860575476,126.15972777088425,116.54587568310602,199.77687961154362,101.15777527900734,29.45510817778154,28.490772975927246,Grandchild,POP,Children
B09019_026,57.44596543269309,44.81790641661604,101.25803187853597,49.51134610215793,101.54686619389312,55.47908728943739,261.8776779176254,In group quarters,POP,Housing
B11001_003,92.49312628372729,105.75827600600283,94.73394820018873,79.57832108456367,107.07791762818695,76.98306994703896,64.7320671399664,Married-couple family,POP,Family Structure
B12001_003,110.86293603355261,91.73211506145229,96.1301692244915,113.41116386403453,94.07306080606136,141.6513709859261,162.62889299361848,Never married,POP,Marriage
B12001_007,97.22385790338829,88.05032286263112,89.35452623680116,117.64573516845142,81.00249006386008,110.5393208588331,150.9314554055206,Separated,POP,Marriage
B12001_009,92.74094136569063,95.94112180623702,52.86924529105579,80.10834190505234,120.55676930483672,49.397012353411526,149.612706724414,Widowed,POP,Marriage
B12001_010,82.02271153106338,99.24367169449863,82.99678001124283,81.68639884854937,113.41389528367341,108.65702180174475,150.121597996788,Divorced,POP,Marriage
B12001_012,108.36534214094564,89.70480267923293,93.67666756685273,106.94958946247255,87.55341182544964,149.97353887037727,155.9323061546102,Never married,POP,Marriage
B12001_016,95.8999330730127,84.92863277088006,104.6543887052241,135.1783634356104,67.50840300993,112.30316563520401,119.80928024578641,Separated,POP,Marriage
B12001_018,99.30221660050465,94.62363405062814,55.590823949857736,77.45368030972183,117.02201021155871,53.897376554783285,174.82090618731056,Widowed,POP,Marriage
B12001_019,88.71069516955129,106.24250477974005,91.2650767334456,80.82890264699186,115.5328561596348,122.25735263817808,144.191379825604,Divorced,POP,Marriage
B15003_002,184.50467975933188,95.7673772862174,118.44238240434865,262.81573568978655,64.61376835921445,66.1824514562927,99.43265986681892,No schooling completed,POP,Education
B15003_003,123.3669606401273,103.71076985066637,131.6236401623391,203.75347534966656,58.056818382369855,113.43824381054111,115.61240332034029,Nursery school,POP,Education
B15003_004,147.9187547059378,88.07622091863769,105.61137589257645,211.78222567974086,53.97737642358583,91.65885444604827,161.1961592559933,Kindergarten,POP,Education
B15003_005,119.85641416210906,64.30237749713615,90.90200484748561,315.606762853529,57.67800064439237,36.006117955619686,105.122475855965,1st grade,POP,Education
B15003_006,137.82738447619604,70.46722407782251,103.50519202990594,384.05198739795463,37.19301645303225,52.38859490803589,86.1367004987356,2nd grade,POP,Education
B15003_007,154.52497062577757,64.37834270179852,97.93120062397016,392.3624525976581,48.46900928987088,28.168562389886493,102.40421721738795,3rd grade,POP,Education
B15003_008,145.95853412974947,73.94542390562768,90.01739333665746,319.1482379596052,47.06466184006632,56.956329127267146,115.9345517179101,4th grade,POP,Education
B15003_009,156.99983910368465,66.41387038616688,106.71104852737032,312.97875127225615,43.09079906400619,56.71156328198784,96.54614891450731,5th grade,POP,Education
B15003_010,151.0183552998827,63.23716916259442,104.22098386957524,454.0755474373251,37.17115205441515,42.184630504653846,93.18220938084606,6th grade,POP,Education
B15003_011,112.42727739824714,72.48841080136079,90.82357965121281,219.64302180200153,59.23085234557139,46.57701277091153,100.53425352984485,7th grade,POP,Education
B15003_012,91.25883744896376,60.71286070596537,69.20776460542615,176.2372234884847,66.89698972301117,37.94740883535902,87.55814779932113,8th grade,POP,Education
B15003_013,96.12798512767561,72.98475108743503,93.2199366573769,244.355566170792,67.48233442222727,40.512255215922224,88.72971290409498,9th grade,POP,Education
B15003_014,81.21940072758792,79.33687457641395,80.7155809320782,135.3632332746492,88.74002645499539,37.58132328553335,80.99555954529129,10th grade,POP,Education
B15003_015,85.85383843107985,81.27638655520832,84.54592248479365,144.9453111845082,87.16234497361998,43.579857394384426,85.16351261354275,11th grade,POP,Education
B15003_016,149.6872374764148,111.2109422127572,114.08367654836286,181.43504635054336,87.77988626458844,64.53456726183589,91.40223412189714,"12th grade, no diploma",POP,Education
B15003_018,86.70507095838079,106.53738998090658,103.61108244630897,105.81345311776285,115.28574735637847,58.078561812468465,85.39215299532161,GED or alternative credential,POP,Education
B15003_019,104.52556788828602,125.21703275918267,106.23436869422295,86.39650652831313,129.49448417176012,82.59550227008724,87.82239220625297,"Some college, less than 1 year",POP,Education
B15003_020,108.70036768010584,119.3137588721616,110.73545003672167,89.64303827226435,116.2428345996401,108.67523892584589,112.61527307194623,"Some college, 1 or more years, no degree",POP,Education
B15003_021,105.08025747185346,121.14035094167548,107.6303444725099,72.88616030592385,123.34314812067568,101.98871275066028,94.33811807046104,Associate's degree,POP,Education
B15003_022,94.28872180397973,93.05689130231278,76.29025433592365,42.647154895990596,94.20937149376746,155.79292269552494,163.4453109454212,Bachelor's degree,POP,Education
B15003_023,80.78593906693487,78.82825776012388,60.82998689470315,26.860843058967614,82.82203152712,157.03211247256652,171.2880668670918,Master's degree,POP,Education
B15003_024,62.02593721926652,56.74626272877524,36.73210412537918,21.43442725178046,61.25669261491906,127.61866603523764,220.28829147448317,Professional school degree,POP,Education
B15003_025,56.71507999337523,62.63716692151997,40.445570257327,18.099844303266053,62.025439898297776,156.6051552875308,233.26514508126323,Doctorate degree,POP,Education
B16004_009,124.32795235922143,73.35565911061086,85.90228809504067,47.7261777133658,49.02278727481569,150.26878032524772,97.18570433080384,Speak other Indo-European languages:,POP,Language
B16004_014,193.8597479111277,99.57697532180171,111.02963206752814,95.02704749418237,54.07262311277241,195.2409952702211,109.4279469561588,Speak Asian and Pacific Island languages:,POP,Language
B16004_019,102.6172498602421,92.197056321999,103.61431847886439,57.014584608659604,72.15660517181675,175.56454767793494,81.70458989009983,Speak other languages:,POP,Language
B16004_031,141.09788734049098,73.99729505562786,75.38848557035328,41.92210490521514,52.56559090331583,238.06459916588207,221.64966523560548,Speak other Indo-European languages:,POP,Language
B16004_036,210.75386789353857,95.35839326865812,96.00749783173363,92.13782408721336,41.6524168526721,256.4010047089494,243.39514630890483,Speak Asian and Pacific Island languages:,POP,Language
B16004_041,112.1596261394441,88.22531924823191,101.73620835365587,47.48796646562755,63.38606792623707,254.11212110036433,196.5116335317698,Speak other languages:,POP,Language
B16004_053,148.9416772302135,79.08027427813875,48.443945441745015,41.8914826868174,87.00467477312797,79.79120515690579,357.80241461513305,Speak other Indo-European languages:,POP,Language
B16004_058,279.0477137660447,123.92066692814632,89.27365217623809,110.61451384189863,46.52668705838387,74.61762093437828,345.1815727896432,Speak Asian and Pacific Island languages:,POP,Language
B16004_063,131.5826345962615,87.47710714652584,67.2911748672367,33.929721485408564,77.99226739045992,91.86740827189567,241.98623483283654,Speak other languages:,POP,Language
B19001_002,44.2058327536244,51.59222484062056,47.69430445040959,54.60629345632918,56.82128457432154,115.80109165319664,286.5871656532268,"Less than $10,000",ECONOMY,Wealth
B19001_003,39.99469318210795,48.79704242483044,39.80850865635228,60.7117063312853,63.32737881762288,83.0219532634386,277.36838305249523,"$10,000 to $14,999",ECONOMY,Wealth
B19001_004,46.38694337064529,57.88334786118726,47.253009663372545,69.50200288297825,81.68750542514404,91.77160298574866,211.02539971989276,"$15,000 to $19,999",ECONOMY,Wealth
B19001_005,50.92786355333839,66.73548425012643,57.41073069353341,79.18519230121649,93.23733554766777,107.86580178532452,186.3390052766252,"$20,000 to $24,999",ECONOMY,Wealth
B19001_006,53.516256105248296,72.99301015682575,65.33960039724698,85.87695967298609,102.04405461944945,117.53861263011277,171.17282578645145,"$25,000 to $29,999",ECONOMY,Wealth
B19001_007,57.3707907973902,81.2110903302249,74.38640929534628,86.41215195595528,106.43365237006499,133.55298023118135,164.89457799800752,"$30,000 to $34,999",ECONOMY,Wealth
B19001_008,62.01487306035879,88.35953311486499,80.1309438792593,91.04300260438669,116.7710523185832,144.3848285670431,161.7271420753271,"$35,000 to $39,999",ECONOMY,Wealth
B19001_009,64.03719149488587,89.6321046128227,86.72352574303055,94.20159168508849,118.72087289964301,162.20353591254658,151.09983219351227,"$40,000 to $44,999",ECONOMY,Wealth
B19001_010,69.40220747504469,97.57542232907885,91.87540861308537,94.9157330736427,122.17854617184425,155.0264742203432,144.20752094863087,"$45,000 to $49,999",ECONOMY,Wealth
B19001_011,78.48498209635034,103.08114978247387,98.93710692033156,93.19848827681766,127.59522246828514,160.61085714810986,149.17157990065996,"$50,000 to $59,999",ECONOMY,Wealth
B19001_012,85.52208114233318,111.41334615769527,102.9462236741252,90.83034561136544,135.6223739330422,161.0920144914883,139.40483518385324,"$60,000 to $74,999",ECONOMY,Wealth
B19001_013,99.98154850581201,118.9448693817616,109.49884392864469,84.81598767429428,133.39959622519487,150.23178403907232,123.74493976763554,"$75,000 to $99,999",ECONOMY,Wealth
B19001_014,111.60492035832874,120.29569223494876,106.0705621697102,73.11269539373781,124.39854357182045,126.52431725273323,114.56675034872019,"$100,000 to $124,999",ECONOMY,Wealth
B19001_015,121.99381168153359,113.58299459351713,91.74915157177858,58.07005553013641,100.41466579980118,109.88369815041754,103.76466232504265,"$125,000 to $149,999",ECONOMY,Wealth
B19001_016,124.95457195405125,98.90243886386023,70.2503831050833,44.329239543740854,76.93021308011191,93.89417603696344,101.86271557499096,"$150,000 to $199,999",ECONOMY,Wealth
B19001_017,92.93092294392612,57.17286657639373,35.55292895366055,22.78036240727784,41.46064779612803,70.06340229758517,107.72344137543284,"$200,000 or more",ECONOMY,Wealth
B19059_002,90.12587626328195,107.8421621220867,62.63904325348544,53.19232757774355,127.75812044349333,57.36573665956457,119.05646859125432,With retirement income,ECONOMY,Wealth
B22010_003,60.24197779541473,63.77123784073506,61.50009194159032,93.50299021145065,63.8698859543288,42.81991127776637,181.53687002625554,Households with 1 or more persons with a disability,ECONOMY,Wealth
B23024_002,61.40255297308479,64.71258724403533,73.5423986697035,106.91939636864103,63.230963665417974,116.91398062402587,172.91265791337028,Income in the past 12 months below poverty level:,ECONOMY,Wealth
B25002_003,30.933135755692998,41.55951710292178,40.69877824269291,31.222148357592573,56.34710283838666,129.66584462421318,216.0184071323054,Vacant,ENVIRONMENT,Occupancy
B25003_003,45.54365371835875,50.689723705433195,63.39663645416276,64.02547759810687,53.18825357321041,290.5394775258077,328.2750712642481,Renter occupied,ENVIRONMENT,Tenure
B25004_002,25.161110837032208,36.64691219273858,48.35686284398684,32.99320557733256,38.32948774461309,349.18304856795095,388.2405371262852,For rent,ENVIRONMENT,Vacant Units
B25004_004,67.61556780725849,90.27441358819377,84.15281661277902,55.34314690631058,116.66072227436169,54.13679959926312,97.90842382742065,For sale only,ENVIRONMENT,Vacant Units
B25004_006,9.810729368627555,28.392457978552244,30.615565995949378,10.534248834965192,29.173474963988838,96.57620927164902,251.23934368302727,"For seasonal, recreational, or occasional use",ENVIRONMENT,Vacant Units
B25004_007,11.325554030668956,45.728366042823446,54.317558899256014,82.98471229631036,20.986590855825547,149.67364882073076,77.134825757753,For migrant workers,ENVIRONMENT,Vacant Units
B25017_002,17.378435079242287,15.030049582541077,15.815249458524407,24.248361348490384,13.524354367622724,240.8055131291329,961.0916216182693,1 room,ENVIRONMENT,Unit Size
B25017_003,13.169543080975945,8.63473905615989,9.431077950281137,15.661008819595457,7.787736467428028,426.99915657631317,753.0457138974081,2 rooms,ENVIRONMENT,Unit Size
B25017_004,20.710185426781646,16.773594943795125,18.870622987441507,28.079125312701436,15.114128384662184,373.06280124364457,505.9491777869962,3 rooms,ENVIRONMENT,Unit Size
B25017_005,47.227062867576116,49.22937910907365,49.432625925207546,62.48017783856905,52.9715648958578,236.90903477488354,239.21345953658098,4 rooms,ENVIRONMENT,Unit Size
B25017_006,86.36714088026986,98.09986029750294,99.7202213921684,107.09524791358392,119.22530435705816,96.64744778267713,83.09754506485254,5 rooms,ENVIRONMENT,Unit Size
B25017_007,113.46148692886186,122.15552531651224,107.79569446990642,100.46578065847689,146.88921906098093,53.294029606186996,43.50394224123686,6 rooms,ENVIRONMENT,Unit Size
B25017_008,110.78049784669052,125.16239885515692,100.50419434269962,70.4704473947127,141.54562019711588,33.87486951532501,27.470427727281333,7 rooms,ENVIRONMENT,Unit Size
B25017_009,95.4558047962906,115.90914946342173,89.41445670654157,49.762513310593825,118.62315397513676,26.86196471581014,21.259088276466994,8 rooms,ENVIRONMENT,Unit Size
B25017_010,65.02076865771639,84.53912751685858,58.73591389385142,25.10789927127054,90.56047124663478,21.714524600009124,20.220608653275317,9 or more rooms,ENVIRONMENT,Unit Size
B25024_002,105.91434709948406,120.57479939825765,100.3791476083512,91.66439391667272,147.27219670573962,20.310094582047547,17.660486309005787,"1, detached",ENVIRONMENT,Structure type
B25024_003,87.07734745499405,90.24690473511673,88.63287993192834,50.50033629722268,32.49505042884617,158.34796680075192,95.02512540467077,"1, attached",ENVIRONMENT,Structure type
B25024_004,69.79650296783298,27.263297728899182,24.360669845180816,28.478557247572418,46.343187698577346,56.553634858635995,96.66662793904102,2,ENVIRONMENT,Structure type
B25024_005,26.15026497356206,28.224728347885552,25.41311043709758,30.96019512647755,19.441694551210897,204.42272762236175,179.20390390057494,3 or 4,ENVIRONMENT,Structure type
B25024_006,13.597282148823329,19.912474320177704,22.878881767165215,19.867434314540606,14.248811703817637,439.4841253019291,263.57547899583017,5 to 9,ENVIRONMENT,Structure type
B25024_007,13.495580166349752,13.07078616643109,20.245832459321583,16.567024661860813,10.060208730503641,706.1892686776322,386.38193324181583,10 to 19,ENVIRONMENT,Structure type
B25024_008,10.073343552823012,7.8399487456969075,11.446973464562497,13.863890147199175,7.5524918938789165,539.6906191573476,750.5064638967144,20 to 49,ENVIRONMENT,Structure type
B25024_009,6.080377228320084,6.1184146514459625,7.5035325804320525,9.103233065103876,4.101126753197444,383.2360522330511,1287.8756035277981,50 or more,ENVIRONMENT,Structure type
B25024_010,7.490795295069799,30.57293530263277,59.931508178990455,54.70747018588605,13.967578817308757,16.96040983041612,15.10102185811074,Mobile home,ENVIRONMENT,Structure type
B25034_002,14.11763214237412,46.7818317624001,167.68484448901762,29.69573700607367,19.607840935393714,282.74232102004123,207.85328370779692,Built 2014 or later,ENVIRONMENT,Building age
B25034_003,14.892910773919372,43.95937609745337,175.46717192733075,29.357942844910756,22.88554673243525,280.5587143178577,153.22450368986392,Built 2010 to 2013,ENVIRONMENT,Building age
B25034_004,16.111795142163228,71.13452188826265,222.99850619640503,43.80185822864826,27.171534102128952,184.72833489204166,104.02491871814787,Built 2000 to 2009,ENVIRONMENT,Building age
B25034_005,18.04678145257476,101.45171405163363,123.76693902802494,48.88085136012435,32.258149304679804,205.72473110212832,100.24920201433088,Built 1990 to 1999,ENVIRONMENT,Building age
B25034_006,25.76393344690539,154.6844951635704,70.1650328224806,74.28398770369488,39.4722946616449,191.25293821873515,162.4565790283969,Built 1980 to 1989,ENVIRONMENT,Building age
B25034_007,52.94157107696137,152.84104251296412,28.078252719834918,92.378692931709665,93.33267859369846,115.95460493727059,207.10593466507797,Built 1970 to 1979,ENVIRONMENT,Building age
B25034_008,148.6123099479752,88.15700586389254,14.37938186146623,108.4429462610035,207.95191262917032,63.41480163182872,220.13611518868265,Built 1960 to 1969,ENVIRONMENT,Building age
B25034_009,263.07874326990424,39.979872360521256,11.399649141517227,127.29004733150195,286.66370675231855,29.858797981317498,115.98101585189573,Built 1950 to 1959,ENVIRONMENT,Building age
B25034_010,176.53572448239262,20.629609003685914,10.220181631642088,65.10096137803808,165.2683393619988,21.386881325401657,123.78599526037412,Built 1940 to 1949,ENVIRONMENT,Building age
B25034_011,70.06560706817841,11.612732530674805,5.547206429995714,16.847375712774582,81.0429063830045,12.05445162783004,208.34534120489928,Built 1939 or earlier,ENVIRONMENT,Building age
B25041_002,19.31700834685857,16.096954658897797,16.635158928298413,27.606345247326786,13.605660812370632,231.52724528107558,971.2034093537075,No bedroom,ENVIRONMENT,Accommodation size
B25041_003,15.990360490225381,8.951306532231069,8.694587419708192,15.597000757284126,13.773101552414454,386.8311499768098,599.2575470955198,1 bedroom,ENVIRONMENT,Accommodation size
B25041_004,50.07673083168716,44.1568681777951,31.98973733061926,49.09237259540581,72.40805506536707,216.92328225428227,205.18294204651966,2 bedrooms,ENVIRONMENT,Accommodation size
B25041_005,103.19939989137616,126.88421110938792,108.54889407677459,97.11275975611223,147.22795712398025,46.12823890596916,32.43519275023459,3 bedrooms,ENVIRONMENT,Accommodation size
B25041_006,99.84299522438074,117.22875785830063,117.37176216787286,75.78599363777636,97.58631797328313,23.177783108488846,16.089664004937173,4 bedrooms,ENVIRONMENT,Accommodation size
B25041_007,84.58861987157394,74.37070944158688,73.86624801910062,40.34529638030579,61.81145206626285,19.36577813231058,22.347989505760843,5 or more bedrooms,ENVIRONMENT,Accommodation size
B25056_003,12.037139342413,20.282620488092366,21.810640922729693,27.94203720088182,21.323381969691287,61.73485212396148,264.004326084802,Less than $100,ENVIRONMENT,Rent
B25056_004,12.54270320111672,19.944663582840533,16.884645632366396,25.32705001464625,18.651334835529234,35.444796067882095,219.65414224206802,$100 to $149,ENVIRONMENT,Rent
B25056_005,9.309234734031316,15.092536738534971,14.297567328520685,17.669625617280975,14.982903017052188,29.602932923810666,403.79704424402235,$150 to $199,ENVIRONMENT,Rent
B25056_006,9.955054465580563,14.483376034354272,10.910873215510996,28.44974176421704,15.849797338944677,35.46375721391188,545.3047618826254,$200 to $249,ENVIRONMENT,Rent
B25056_007,14.156689316124332,12.736369291011732,15.254917489967617,25.30633803723581,17.774854086643725,23.957414178155403,542.5329243776756,$250 to $299,ENVIRONMENT,Rent
B25056_008,14.75726364520896,21.411212965021257,22.24335398072817,32.13556048826721,32.87658107385995,27.742821379752296,291.6250018147781,$300 to $349,ENVIRONMENT,Rent
B25056_009,8.51660131781961,18.97402596699143,19.09653646713701,32.775578186949,33.5251572615805,29.966631018303858,240.75848333236095,$350 to $399,ENVIRONMENT,Rent
B25056_010,13.947522456501812,23.521788403537524,21.272751064920705,35.300474271948026,53.07398839416173,26.421204443641344,162.36273407266236,$400 to $449,ENVIRONMENT,Rent
B25056_011,6.8427464534726905,21.66610999336535,21.172101559575616,31.155435208575167,47.91192583663565,35.945038405185656,182.28271692153857,$450 to $499,ENVIRONMENT,Rent
B25056_012,17.221325181457967,31.124266548243668,28.15441085589882,49.22018410073768,66.08668831982395,49.681821392430464,158.25525350792446,$500 to $549,ENVIRONMENT,Rent
B25056_013,10.03250192722032,28.94988933235317,21.154685464816158,36.25970261426431,60.7691420801302,67.44814746631067,196.4385645498823,$550 to $599,ENVIRONMENT,Rent
B25056_014,19.16361024566767,37.083029799079654,28.63273753843606,55.64119856354092,75.48281308082801,101.74983839537389,190.04332025422823,$600 to $649,ENVIRONMENT,Rent
B25056_015,15.395471658711704,34.94145998287105,28.382963863987285,52.47390324777725,68.7708395626711,145.59038880527018,236.15233037178797,$650 to $699,ENVIRONMENT,Rent
B25056_016,22.79366571163523,41.87543781904607,35.82772476803979,64.70914794988309,75.99267944906629,181.76664557519334,249.2503669400633,$700 to $749,ENVIRONMENT,Rent
B25056_017,22.92691383282915,49.66376747365547,39.613790391211694,68.77930375767575,79.65863884282363,232.80667401133624,257.50055795182305,$750 to $799,ENVIRONMENT,Rent
B25056_018,32.338658895044944,56.99419248847989,55.17946833606817,81.9589749376914,78.59234064161497,300.04059062114715,279.26189241045284,$800 to $899,ENVIRONMENT,Rent
B25056_019,35.3722794383868,60.102418376100466,72.4600905128411,88.62278573165678,71.67655955290881,418.22651617320446,325.13787049259554,$900 to $999,ENVIRONMENT,Rent
B25056_020,50.0502947331645,70.4952324737834,100.6922334561875,90.50150127263412,61.015151106103914,494.1343243162171,356.700170261797,"$1,000 to $1,249",ENVIRONMENT,Rent
B25056_021,60.05719281350186,76.61492436526768,130.67769139082816,82.70038418176539,41.61350423919687,554.4498116726094,408.1300432514432,"$1,250 to $1,499",ENVIRONMENT,Rent
B25056_022,91.2472226557137,66.54349723458893,99.91098763936145,69.83973518455139,24.86450103607673,479.341675201333,469.6036485625156,"$1,500 to $1,999",ENVIRONMENT,Rent
B25056_023,120.79214653303066,45.49032219736597,55.30028558787675,46.8165591552601,15.14956570190086,379.7326555149906,531.8241221318541,"$2,000 to $2,499",ENVIRONMENT,Rent
B25056_024,122.60986179112248,33.323626402727996,51.487391449314565,29.4662061410722,11.784481751043401,301.48010155919474,530.8860825088809,"$2,500 to $2,999",ENVIRONMENT,Rent
B25056_025,77.88019020046086,22.395785973895883,47.411915274455524,13.78659485098057,7.070004284808709,189.48157354461335,561.2507925224203,"$3,000 to $3,499",ENVIRONMENT,Rent
B25056_026,50.343571448504676,10.85924002767911,23.550718829529753,7.656144966456169,6.6450277193994225,134.67118389426966,588.4221227630452,"$3,500 or more",ENVIRONMENT,Rent
B25070_002,36.20858676020104,42.14583622522513,44.72432843315865,51.96724052996975,56.980617008077374,229.8741061148684,334.19585196699234,Less than 10.0 percent,ENVIRONMENT,Housing Cost
B25070_003,41.77035893300947,52.58567050560158,59.57031340161615,55.703150402432364,71.28627301172345,322.14004647758,294.9406271264311,10.0 to 14.9 percent,ENVIRONMENT,Housing Cost
B25070_004,47.67378283276882,57.87550205170484,67.91916174644518,60.05479379128913,65.54377323439789,365.50699909777484,298.5536620452597,15.0 to 19.9 percent,ENVIRONMENT,Housing Cost
B25070_005,48.60582009090194,56.53437463928162,73.60004000892884,62.41866601612905,57.963800804609875,366.4640630426964,315.952280916541,20.0 to 24.9 percent,ENVIRONMENT,Housing Cost
B25070_006,43.75216099711504,51.50960329763401,65.2625861710235,61.97370263743702,48.74228101996885,337.63352172711035,369.27340682938853,25.0 to 29.9 percent,ENVIRONMENT,Housing Cost
B25070_007,44.148618434093265,49.98534013442563,64.79101953933008,66.42653177926759,49.01404981205848,311.7732079449058,353.48785550186074,30.0 to 34.9 percent,ENVIRONMENT,Housing Cost
B25070_008,44.70278336639446,51.08396068565008,69.53882575152203,73.00362380237488,48.95420773602554,304.22941427219314,322.5627290506504,35.0 to 39.9 percent,ENVIRONMENT,Housing Cost
B25070_009,46.658913749016264,49.97303545240956,69.44729699190519,75.1862520813643,46.21302519426294,273.11197776339844,323.566447842384,40.0 to 49.9 percent,ENVIRONMENT,Housing Cost
B25070_010,45.228058683743825,43.44097659597583,58.57202235680465,66.36597236317088,38.651009390585905,236.4018932532069,371.91891965647375,50.0 percent or more,ENVIRONMENT,Housing Cost
B28001_004,78.61161405333446,89.8121118402593,45.01323018141575,53.11012923078462,129.66600208529508,65.34846793220558,167.62228379236703,Desktop or laptop with no other type of computing device,ECONOMY,Digital devices
B28001_006,54.62613405597424,61.23462014468096,60.79068875825332,108.24543269802842,78.29195829468613,92.42930064662055,147.73147780936006,Smartphone with no other type of computing device,ECONOMY,Digital devices
B28001_008,67.78356427369775,70.62319320822921,40.04315116838596,61.398720399065375,105.71170220469182,61.00154322877652,184.61513304301363,Tablet or other portable wireless computer with no other type of computing device,ECONOMY,Digital devices
B28001_011,55.013503021501506,51.92752275626551,29.216205987997185,66.34729727046609,95.22190363404785,39.72327425799517,217.35281334269797,No Computer,ECONOMY,Digital devices
B28002_003,67.99087542111077,82.94725822173186,35.23492960593334,49.77596434483526,126.33787613713233,57.9608480876873,115.74731778250857,Dial-up with no other type of Internet subscription,ECONOMY,Digital connectivity
B28002_006,66.57964347438366,75.81864201797092,72.21270594220529,91.22831490944563,86.4782850094369,113.0246239450884,142.11672507271876,Cellular data plan with no other type of Internet subscription,ECONOMY,Digital connectivity
B28002_008,80.88238052281228,91.08630903961645,64.76815068141846,67.84252597766837,120.27278273986364,97.70651429997818,154.75632636844918,"Broadband such as cable, fiber optic or DSL with no other type of Internet subscription",ECONOMY,Digital connectivity
B28002_009,83.62959723896776,105.15369334691884,105.01968869070213,87.6342182775524,90.7393183959563,82.96021438195072,78.54369366837457,Satellite Internet service,ECONOMY,Digital connectivity
B28002_010,50.41732693335229,70.69463060969429,57.81312059283393,72.21283771866625,80.70655661326866,46.36898251862026,62.957956477153964,Satellite Internet service with no other type of Internet subscription,ECONOMY,Digital connectivity
B28002_012,57.61246170558808,65.57894162077048,69.97626882535715,70.74494041674753,76.93491538375345,134.97778213773893,291.25854672264546,Internet access without a subscription,ECONOMY,Digital connectivity
B28002_013,56.0464424750134,55.705675609597726,38.24505333328951,78.46744842132235,89.40780480441619,51.64639866625463,190.03477494385598,No Internet access,ECONOMY,Digital connectivity
B28005_005,100.50342106740533,106.68133381425385,133.92796202038016,120.8136409043536,97.7936310732719,78.60478450471892,35.42717676633637,With a broadband Internet subscription,ECONOMY,Digital connectivity
B28005_006,62.33927986307866,63.669880198283245,101.89848836926976,175.43750654788144,60.39274901411152,60.532035602339306,37.2652825351073,Without an Internet subscription,ECONOMY,Digital connectivity
C02003_012,140.65563111348794,120.18879052539721,157.98269657419434,189.91238503719927,79.35072079849355,124.62019786122505,102.89842835512535,Population of two races:,POP,Race / Ancestory / Citizenship
C02003_018,192.59511512305752,140.26780181132025,156.79090008074482,127.08597230585599,72.52695422314602,135.99981697467356,140.94261696354613,Population of three races,POP,Race / Ancestory / Citizenship
C17002_002,63.93372565697396,67.01797277794586,75.53685595667893,104.63986351814809,62.302348670571895,109.63078080883281,152.92272216399297,Under .50,ECONOMY,Wealth
C17002_003,59.71944512896046,66.31711957516882,83.20428879120357,135.6225129133555,66.69180047855185,79.86272432582598,136.01269761174558,.50 to .99,ECONOMY,Wealth
C17002_004,67.30010518509387,80.61717679002098,99.46814281187733,154.94674382965601,82.49012573009034,86.16992906749361,109.42229630940803,1.00 to 1.24,ECONOMY,Wealth
C17002_005,75.43518342030507,86.86342971238315,117.3463946557459,168.9341485630095,93.86673333765569,89.68226727874381,96.0997993802997,1.25 to 1.49,ECONOMY,Wealth
C17002_006,88.6252302385646,99.71132054868647,123.7017015061758,164.8642392632023,98.83232612103825,97.82434117834698,96.10149822352182,1.50 to 1.84,ECONOMY,Wealth
C17002_007,90.93961767724183,100.34733292828415,126.19303504508326,154.43793189413682,110.65290513812735,102.496629810003,94.0407844626671,1.85 to 1.99,ECONOMY,Wealth
C17002_008,113.08710639751465,109.50815841393175,99.18303872835699,82.43528186481555,107.27322053853408,104.01509659047059,89.1587166894815,2.00 and over,ECONOMY,Wealth
C24030_003,30.01545217731043,62.592600096511,82.93480494028468,165.70525523180214,77.1768350233967,46.48901504207094,27.548247750350445,"Agriculture, forestry, fishing and hunting, and mining:",ECONOMY,Employment
C24030_010,133.60917839033058,117.21068167699815,124.04729693872952,120.01080086143637,105.60429394902184,117.9610737930985,87.82803223905805,"Transportation and warehousing, and utilities:",ECONOMY,Employment
C24030_014,90.43552647147752,85.58857768222492,73.35574001926874,54.07336209866137,83.78763926972952,172.9584469028599,160.04685099187105,"Finance and insurance, and real estate, and rental and leasing:",ECONOMY,Employment
C24030_018,85.7507450008533,75.91070531992969,62.63415043137105,36.69227851461614,71.2659383793923,232.08934380113564,195.33412549985204,"Professional, scientific, and technical services",ECONOMY,Employment
C24030_019,85.6173677657643,87.39300782784278,81.83047144433144,54.86149219457956,80.60053388871675,222.84737387167812,115.75948370738998,Management of companies and enterprises,ECONOMY,Employment
C24030_020,124.66200026829475,108.77890427821775,111.18121303201718,156.31174576557046,98.31077178720082,113.686589356609,98.97014725551786,Administrative and support and waste management services,ECONOMY,Employment
C24030_021,106.83063229364026,90.98017944040971,83.52568237105368,67.693235078964,101.24115002723902,140.31668171277843,156.3673003153113,"Educational services, and health care and social assistance:",ECONOMY,Employment
C24030_024,110.79432675563913,104.68141355877788,103.25149644797497,108.47513491446017,96.54444946192375,150.82046094429285,161.59460171907008,"Arts, entertainment, and recreation, and accommodation and food services:",ECONOMY,Employment
C24030_030,46.40656536972535,70.33336126238869,96.42672184856363,202.19598706772334,68.36418715055,69.1668069377424,40.68501370536148,"Agriculture, forestry, fishing and hunting, and mining:",ECONOMY,Employment
C24030_037,129.46822603109683,115.31142944914382,123.83057447743069,114.37056241344567,98.84692610936149,132.56833640777342,94.71634809398778,"Transportation and warehousing, and utilities:",ECONOMY,Employment
C24030_041,103.3358344489803,110.50207589964343,101.20739931198904,68.29541288165724,111.82142761591196,163.17152480960164,111.84023498365706,"Finance and insurance, and real estate, and rental and leasing:",ECONOMY,Employment
C24030_045,100.27200917754146,87.85994688739713,74.84240130689174,48.19972915813862,84.55153502691705,184.79909436924655,182.6408964473688,"Professional, scientific, and technical services",ECONOMY,Employment
C24030_046,86.04081793747866,106.46427650789548,98.67389219069038,63.44882951070676,99.29459999783626,175.81893424947387,200.0226760033509,Management of companies and enterprises,ECONOMY,Employment
C24030_047,111.54713788813149,105.2592831775386,110.31389971672698,126.54976436859415,89.5391819957833,150.70632767439628,109.32486160102206,Administrative and support and waste management services,ECONOMY,Employment
C24030_048,106.40651151029333,102.94003420496232,94.51170476800085,76.57302241544328,109.57705944841317,118.39517576898686,103.43899409750298,"Educational services, and health care and social assistance:",ECONOMY,Employment
C24030_051,96.47174846754531,102.90932675111615,103.6073748924544,106.39296872560176,99.79259288250715,142.71542584042692,129.07325971116964,"Arts, entertainment, and recreation, and accommodation and food services:",ECONOMY,Employment
