1,2,3,4,5,6,7,8,9,10,UniqueID,label,concept
92.81488461664492,96.13628544153234,116.89107440176763,120.97862066262847,134.52605983466924,99.50008071988535,59.80182150796691,73.73197697483717,120.20049115747042,103.22630322108827,B01001_003,Estimate!!Total:!!Male:!!Under 5 years,SEX BY AGE
95.89929535219385,111.30438969555073,113.61149970325624,113.96268251530427,127.50649633101861,100.608044109378,59.605830399795956,53.99848667559405,115.13785939559607,92.24179585640084,B01001_004,Estimate!!Total:!!Male:!!5 to 9 years,SEX BY AGE
96.90575118644543,122.72635974531647,110.37420991375497,104.4313204175782,122.18967504973706,101.94462837713232,62.04592402393625,45.953490261446476,108.93096309041843,89.04427810311755,B01001_005,Estimate!!Total:!!Male:!!10 to 14 years,SEX BY AGE
99.97239950381457,123.74596059570668,107.94800351451197,98.14458011621046,115.7365342354581,103.10380538115405,66.51590968200878,44.40812823649751,102.52070112429983,86.28592172529687,B01001_006,Estimate!!Total:!!Male:!!15 to 17 years,SEX BY AGE
89.01724397186202,86.97469453025994,103.12242297827174,102.99246090746865,110.32145414031298,87.10790026677759,60.730452114813104,244.04555466451572,107.24062332569841,80.30086914547203,B01001_007,Estimate!!Total:!!Male:!!18 and 19 years,SEX BY AGE
87.01728990584526,69.40746980848223,108.04692465152318,111.87685446358788,116.39271633865766,84.8791790032899,59.4339821408382,267.36333875435975,113.08867193648805,88.60332840075475,B01001_008,Estimate!!Total:!!Male:!!20 years,SEX BY AGE
86.11581751560485,65.59974427008504,110.35953532106247,121.95306346981238,115.18721521275043,84.59113334270457,60.82109215812472,265.79094133700295,108.57943928266313,88.4245708869091,B01001_009,Estimate!!Total:!!Male:!!21 years,SEX BY AGE
88.93131247073846,71.50156911598964,113.58978827015503,123.37529715762716,116.28999799826711,90.99644571151934,62.19287001426397,200.39142241506823,105.33543809833519,99.50642137551141,B01001_010,Estimate!!Total:!!Male:!!22 to 24 years,SEX BY AGE
89.57969522161807,61.91711701770013,120.12300298464973,121.10579310592675,120.71209249124182,93.78632434308062,65.55164804492995,182.08056129928406,103.73667203514998,122.05241794610973,B01001_011,Estimate!!Total:!!Male:!!25 to 29 years,SEX BY AGE
90.42252596905787,73.648131084273885,117.73938556739749,109.72828646317636,117.47944257222164,99.2276285219425,64.58501154106531,160.0356555635705,88.33087573764688,117.91171829809394,B01001_012,Estimate!!Total:!!Male:!!30 to 34 years,SEX BY AGE
94.60692176874592,95.48834513027677,109.78804473807824,99.02610872362949,111.60774157689764,103.19852730416228,67.37733460337365,119.43787175028898,82.19798824589223,104.03629292247487,B01001_013,Estimate!!Total:!!Male:!!35 to 39 years,SEX BY AGE
96.73162180014133,113.94596692644544,108.05966913381579,91.27682877933017,110.00456876640798,102.44831517401593,72.26232985767224,93.84412303122276,81.59478936589353,101.03967908817945,B01001_014,Estimate!!Total:!!Male:!!40 to 44 years,SEX BY AGE
100.95231517231223,121.1952260917289,100.39121456053961,87.1223857715542,97.72683409496665,103.61692895729593,77.83642505238198,81.69397917807294,79.22929349452302,98.39988202283368,B01001_015,Estimate!!Total:!!Male:!!45 to 49 years,SEX BY AGE
107.25223612751155,117.65754602572002,93.69996380546658,87.69163983340107,88.96248539624074,102.94473258120007,89.9461712312111,73.47623255956066,83.37097056703796,97.1506680301033,B01001_016,Estimate!!Total:!!Male:!!50 to 54 years,SEX BY AGE
113.34993314261229,111.19132547983386,84.62427802549766,87.1384462411449,77.81198474163308,103.10016095142561,108.40691408708507,70.463606904337,88.06788155047536,92.87458243748894,B01001_017,Estimate!!Total:!!Male:!!55 to 59 years,SEX BY AGE
115.94700913020483,105.64957817491131,82.463645383162,87.40392377416673,72.35405268509476,103.43284397790318,122.2736809717558,68.54085850805826,87.72440349179851,90.33895102402738,B01001_018,Estimate!!Total:!!Male:!!60 and 61 years,SEX BY AGE
118.76856313416295,104.09161768611443,77.86746636916698,86.27622588994093,67.60810734744362,102.04990243670753,141.47556687788142,69.0330144849447,87.12848021021495,88.95458888998841,B01001_019,Estimate!!Total:!!Male:!!62 to 64 years,SEX BY AGE
118.76762687014181,102.67946832554603,73.23483758196426,82.508078943757,64.74087208685927,102.33096162747944,170.5291573996982,69.65822095312153,82.04371155343034,89.27113276523471,B01001_020,Estimate!!Total:!!Male:!!65 and 66 years,SEX BY AGE
120.05085027565127,103.75035326489044,69.64503073037007,79.53260744770732,60.44544973646902,102.02624736313288,195.4850979261418,67.10690841971608,77.3588760678895,82.97336270172545,B01001_021,Estimate!!Total:!!Male:!!67 to 69 years,SEX BY AGE
120.63724903826298,104.07783411182851,67.14187922337305,75.97143037663486,58.80053207050001,100.40641423483136,231.49173917143807,64.72474357399757,72.44948835761555,82.33932301289441,B01001_022,Estimate!!Total:!!Male:!!70 to 74 years,SEX BY AGE
121.97299922532065,98.07814081937642,66.63756458443838,74.44770454844178,60.93533196293588,98.22249310507073,267.05385091953906,61.36051788075451,72.63958613772768,87.29437481409984,B01001_023,Estimate!!Total:!!Male:!!75 to 79 years,SEX BY AGE
119.44350640574764,95.141389753983,67.65197538557196,77.27137194159185,59.94874049347067,98.08563301053888,277.3404680369497,65.09192584879182,74.0596834654342,88.94834891039231,B01001_024,Estimate!!Total:!!Male:!!80 to 84 years,SEX BY AGE
111.80398636896211,94.26852333280947,68.00629801679361,85.57275648944258,62.19722699421294,98.4407655397544,289.2308286745169,75.09134000775465,68.93206838217387,93.9998887529179,B01001_025,Estimate!!Total:!!Male:!!85 years and over,SEX BY AGE
92.35803868391223,95.52574330901626,117.02528303242359,122.90183230409113,135.55853049090837,99.04491292410343,59.11556873369338,74.06355329928492,123.24461494379155,103.61854940058848,B01001_027,Estimate!!Total:!!Female:!!Under 5 years,SEX BY AGE
94.53944304028857,112.36234561144103,112.28967440285025,113.41770877237192,130.27226486841977,101.04561703823565,60.78279592129881,54.719902465363,117.13535719261448,89.73467226625402,B01001_028,Estimate!!Total:!!Female:!!5 to 9 years,SEX BY AGE
96.46503834982593,121.87307916123393,111.81570342529396,104.71180833487612,122.61584443297966,101.84238929958245,62.35531786145587,45.72584592952924,110.36692757444074,89.76621124726445,B01001_029,Estimate!!Total:!!Female:!!10 to 14 years,SEX BY AGE
98.24628556180458,125.2365445337752,107.75615730869008,99.97484722951255,116.79028891011643,102.70137885608041,64.74304463624422,45.605977225130694,106.53085931748782,87.55690473627189,B01001_030,Estimate!!Total:!!Female:!!15 to 17 years,SEX BY AGE
82.70903601520219,83.39125051789688,101.89940254051957,102.92815948811742,109.86493106511037,83.08242099461883,56.577001299422804,292.5281645930874,119.31826536683153,80.51113770393202,B01001_031,Estimate!!Total:!!Female:!!18 and 19 years,SEX BY AGE
82.2932829011251,66.43602560560527,106.20802207967685,119.43416746491609,114.85264431019885,80.98658767426339,59.612772660647074,298.6052462939199,122.45286234737962,89.97157519983358,B01001_032,Estimate!!Total:!!Female:!!20 years,SEX BY AGE
82.36097521344793,64.65008966768532,110.04485185803378,123.60121181746888,115.95138966009083,81.92112529213806,59.915849134276954,284.02114201586375,121.74291684872492,93.80725640141651,B01001_033,Estimate!!Total:!!Female:!!21 years,SEX BY AGE
85.47808599955815,70.27139301362506,116.49860159699006,125.60905489431103,118.81594425079054,90.93980851983784,61.390483289428964,193.26861126286448,122.9090101460927,109.49850382132043,B01001_034,Estimate!!Total:!!Female:!!22 to 24 years,SEX BY AGE
86.41919764906513,62.68885833860166,118.84646488231851,121.73409616112055,116.02404870430003,94.58758042202238,64.06669773101642,178.47143017820193,123.42286126236061,128.74976998059265,B01001_035,Estimate!!Total:!!Female:!!25 to 29 years,SEX BY AGE
87.17841495288319,80.834068465889,112.8772262747289,109.24928013123316,107.77950825500594,101.50197614196605,64.63603218708364,145.94452504314162,110.72083298707369,120.22704341815631,B01001_036,Estimate!!Total:!!Female:!!30 to 34 years,SEX BY AGE
90.45289477219079,104.3427896154532,107.16786597429476,99.61383426684002,104.82959106879865,104.21781579739377,67.05973988960665,104.86804392048717,104.30184218071412,110.30269399990334,B01001_037,Estimate!!Total:!!Female:!!35 to 39 years,SEX BY AGE
93.03789826416677,118.63809761140911,107.26864177505003,92.26660441077065,104.55163039142744,103.91788026404438,71.38756874442832,82.40130680408829,98.62861745409475,106.9285218241939,B01001_038,Estimate!!Total:!!Female:!!40 to 44 years,SEX BY AGE
97.09698326362941,123.85837533549456,100.83963028134126,88.08029599241206,94.55107834782652,104.67173271669246,79.61421372779388,72.62789036336304,95.65249788061033,103.96058966489028,B01001_039,Estimate!!Total:!!Female:!!45 to 49 years,SEX BY AGE
103.96942434089165,116.89746650905697,92.46012934760745,88.09152498714019,84.04312583966758,104.5133291698755,96.63093964303096,67.64803643048513,98.58964842568186,103.42413849439234,B01001_040,Estimate!!Total:!!Female:!!50 to 54 years,SEX BY AGE
109.79672155369956,107.61119594552197,85.52785236167118,89.66823126624166,73.99581591271077,104.6750949811132,117.02087061063378,65.2245650245264,100.93191914309033,97.67542775134524,B01001_041,Estimate!!Total:!!Female:!!55 to 59 years,SEX BY AGE
111.35611594349545,102.7280815055561,83.30418104163697,89.43694762950247,71.16805178180773,103.47908419149306,135.57219188385565,66.76325771768063,103.4558739494085,100.32774824732165,B01001_042,Estimate!!Total:!!Female:!!60 and 61 years,SEX BY AGE
113.20487158490727,99.02730722797463,79.73507824064085,87.3190342077977,66.97035639433585,103.52293671908426,155.66767255203243,68.06282894256076,100.90539673710359,97.1833625324741,B01001_043,Estimate!!Total:!!Female:!!62 to 64 years,SEX BY AGE
113.30164763180528,98.55377200900082,76.40437410837308,86.15794893171729,66.32599728413588,102.60803261741889,179.39747184090183,69.0529700505909,97.14917039755112,96.37416380557372,B01001_044,Estimate!!Total:!!Female:!!65 and 66 years,SEX BY AGE
114.42809156541199,99.66013187069223,73.90673423991748,84.1290536777017,61.10772972438592,101.5791988647995,202.2067246654386,67.6055470127177,93.66986226083294,94.18991257773935,B01001_045,Estimate!!Total:!!Female:!!67 to 69 years,SEX BY AGE
115.19293826219806,97.28596872210622,71.27823826657391,84.06774106984484,63.28341777577751,100.3304887813837,223.99673078104422,68.1328137767994,90.6773859738269,92.61908276889355,B01001_046,Estimate!!Total:!!Female:!!70 to 74 years,SEX BY AGE
118.90984153434856,88.99878850050412,70.5255075994945,87.81753900776069,64.38498517780967,97.67647439132978,238.22062526234373,66.44163174825279,92.36487192243803,101.78465724387694,B01001_047,Estimate!!Total:!!Female:!!75 to 79 years,SEX BY AGE
117.82773020613666,84.6729292900253,73.46203547264524,92.84935431949248,66.81427500074587,96.72723426473054,232.1119155456003,70.3956415596192,98.63906183728766,103.38424352152835,B01001_048,Estimate!!Total:!!Female:!!80 to 84 years,SEX BY AGE
113.82115400015653,85.97538051076627,69.98383059531486,99.6906389320746,61.98014476494507,96.67050455029967,237.1116642159569,81.243967639430835,92.77374039135768,108.11264759990272,B01001_049,Estimate!!Total:!!Female:!!85 years and over,SEX BY AGE
119.25653969828636,109.93056473413306,76.2352338718955,86.93629776186954,86.8948881510302,105.38233637162688,121.68612344474559,94.57156451805672,21.46612650731696,49.04171598897327,B02001_002,Estimate!!Total:!!White alone,RACE
61.300389973026135,37.33287967570169,120.14007429595515,157.20750105926325,71.50186597679819,77.41841200408469,33.553618811406096,79.37504565633246,612.5410196548291,212.48103805036314,B02001_003,Estimate!!Total:!!Black or African American alone,RACE
104.3312183661659,32.580664281283276,98.29615224722339,377.7606632374578,96.92037164948049,71.42700129341078,107.13175013584757,58.28993615845236,34.79983263024869,57.45378538820167,B02001_004,Estimate!!Total:!!American Indian and Alaska Native alone,RACE
17.940563931850775,174.82894857342043,145.98013556854937,56.178054111931594,56.575422185773085,109.76785391512006,41.703680232815834,239.52807002953662,23.13459685506504,297.8103555828142,B02001_005,Estimate!!Total:!!Asian alone,RACE
31.825123598164534,55.72822710979919,293.25690899425973,129.77303916425714,428.26394417564745,78.05354567696152,56.9428014322172,68.34085316416643,38.99084545146303,177.95740712579237,B03001_003,Estimate!!Total:!!Hispanic or Latino:,HISPANIC OR LATINO ORIGIN BY SPECIFIC ORIGIN
87.31994009579851,88.86254060680241,128.16437095620537,107.56323038293203,144.61405618556347,93.76325065153533,92.60641307698005,96.02282950671753,133.88383068149508,129.39258638308957,B04007_003,Estimate!!Total:!!Ancestry specified:!!Single ancestry,ANCESTRY
26.186877073349113,67.9818446382871,252.61063222689017,103.20807825930231,389.268798845822,73.50372609483536,60.52374596109896,168.49515441286937,53.16304301002843,249.60531873248186,B05001_006,Estimate!!Total:!!Not a U.S. citizen,NATIVITY AND CITIZENSHIP STATUS IN THE UNITED STATES
123.31533209892575,90.59110705216433,86.92134671024084,105.76666721942614,85.16391819214752,98.44715731143694,59.38781606969322,73.59991046641056,125.32902402746306,81.9036831537533,B05002_003,Estimate!!Total:!!Native:!!Born in state of residence,PLACE OF BIRTH BY NATIVITY AND CITIZENSHIP STATUS
49.59558833542594,97.12584089041552,135.53990005764732,155.11556249219655,113.51189910452047,101.35590895438393,99.55748098991899,120.337694426494,70.49588520619807,241.94723189383947,B05002_009,Estimate!!Total:!!Native:!!Born outside the United States:,PLACE OF BIRTH BY NATIVITY AND CITIZENSHIP STATUS
25.042375552478656,100.29914902108801,231.5082573726375,83.71479650759845,286.0874266746496,85.3174183272656,73.59602320018143,147.2056409132359,49.00473685189002,296.190821727714,B05002_013,Estimate!!Total:!!Foreign born:,PLACE OF BIRTH BY NATIVITY AND CITIZENSHIP STATUS
108.08146576461803,31.328091518973682,181.47732629542296,142.4131472854605,282.45886404333004,66.60832598549572,78.21008509404612,49.3728528230433,139.3108998841841,176.0620726683079,B07009_002,Estimate!!Total:!!Less than high school graduate,GEOGRAPHICAL MOBILITY IN THE PAST YEAR BY EDUCATIONAL ATTAINMENT FOR CURRENT RESIDENCE IN THE UNITED STATES
140.7271265962016,51.32990972300691,99.06463010124446,114.18318549907262,94.89575085162951,91.48085122816198,117.43770979584558,45.495136256193426,121.14595038830547,101.55688912493774,B07009_003,Estimate!!Total:!!High school graduate (includes equivalency),GEOGRAPHICAL MOBILITY IN THE PAST YEAR BY EDUCATIONAL ATTAINMENT FOR CURRENT RESIDENCE IN THE UNITED STATES
110.61451663139019,82.50485532922498,91.27195895527755,100.2789856763125,64.7863061345191,109.7740502837826,128.58701732789768,65.69268094690385,101.25844091245708,78.46891827539287,B07009_004,Estimate!!Total:!!Some college or associate's degree,GEOGRAPHICAL MOBILITY IN THE PAST YEAR BY EDUCATIONAL ATTAINMENT FOR CURRENT RESIDENCE IN THE UNITED STATES
68.06475558471612,164.8398714290037,68.6724733435581,58.155200003739616,40.42039151577772,117.40124725265062,121.51817116720551,161.4139897654173,48.53617802979612,100.96150487385313,B07009_005,Estimate!!Total:!!Bachelor's degree,GEOGRAPHICAL MOBILITY IN THE PAST YEAR BY EDUCATIONAL ATTAINMENT FOR CURRENT RESIDENCE IN THE UNITED STATES
57.156372769367316,204.81488937812307,48.92840276687197,46.47663060231009,24.094339790275683,111.75791537243309,129.72184961013753,212.3596973148229,42.15162607458834,97.33540792044528,B07009_006,Estimate!!Total:!!Graduate or professional degree,GEOGRAPHICAL MOBILITY IN THE PAST YEAR BY EDUCATIONAL ATTAINMENT FOR CURRENT RESIDENCE IN THE UNITED STATES
57.4509450781163,51.81588218116043,91.87454360460573,205.0453797387293,156.5095631997018,75.14886118158223,57.47434113784564,256.87247087983064,212.0739730703712,150.52630655093864,B07204_004,Estimate!!Total:!!Different house in United States 1 year ago:!!Same city or town:,"GEOGRAPHICAL MOBILITY IN THE PAST YEAR FOR CURRENT RESIDENCE--STATE, COUNTY AND PLACE LEVEL IN THE UNITED STATES"
102.17350456455443,87.96988215685427,91.35384959550906,100.90082742547494,53.108361660867146,102.50791601110625,123.1634331962723,176.38256587659666,71.56596939685346,17.87348931003791,B07204_007,Estimate!!Total:!!Different house in United States 1 year ago:!!Elsewhere:,"GEOGRAPHICAL MOBILITY IN THE PAST YEAR FOR CURRENT RESIDENCE--STATE, COUNTY AND PLACE LEVEL IN THE UNITED STATES"
101.42538611937562,103.75554085775731,101.53210333246872,94.44054508408735,88.41373862115897,111.68844201393323,83.2437131774987,86.38988151119322,75.93665750892639,36.76161864752335,B08006_002,"Estimate!!Total:!!Car, truck, or van:",SEX OF WORKERS BY MEANS OF TRANSPORTATION TO WORK
23.886827460526366,56.53302592314486,140.8659665693898,103.37680664539918,244.7699965288844,49.80583088381191,33.60843993974214,315.8219349714144,330.2934326034732,516.9122414186758,B08006_009,Estimate!!Total:!!Public transportation (excluding taxicab):!!Bus,SEX OF WORKERS BY MEANS OF TRANSPORTATION TO WORK
42.31952828378116,88.72265899226456,82.37738928615437,90.34995263646991,98.32963167788631,58.75150705733033,105.87772353301827,575.5825493753638,64.97745972078772,190.72519040307512,B08006_014,Estimate!!Total:!!Bicycle,SEX OF WORKERS BY MEANS OF TRANSPORTATION TO WORK
82.80181073515035,97.46987358984545,107.00574591914491,104.08686010923844,110.99081753233048,106.85204812165271,93.4168199675776,131.27136125494025,89.24377997997986,72.31576346316476,B08007_003,Estimate!!Total:!!Worked in state of residence:!!Worked in county of residence,SEX OF WORKERS BY PLACE OF WORK--STATE AND COUNTY LEVEL
125.91579333350917,123.20664492689527,79.8996477438842,56.68034540276253,37.76505093409733,103.60186202757187,53.426934702618055,86.0457370917102,59.306750085637404,177.3647455426347,B08007_004,Estimate!!Total:!!Worked in state of residence:!!Worked outside county of residence,SEX OF WORKERS BY PLACE OF WORK--STATE AND COUNTY LEVEL
54.75981065102938,73.18930801506862,84.65208519647743,157.55141014636084,145.45834899488278,87.68458293143873,63.718990556087206,228.2386390211515,142.83304577104388,279.155008574693,B08008_003,Estimate!!Total:!!Living in a place:!!Worked in place of residence,SEX OF WORKERS BY PLACE OF WORK--PLACE LEVEL
123.8990089498956,61.605780680897674,139.7495825940281,106.64121617976498,123.65972547407205,96.9969469971819,66.62714833553764,50.22084509385013,94.63800670205,74.10135883256343,B08011_002,Estimate!!Total:!!12:00 a.m. to 4:59 a.m.,SEX OF WORKERS BY TIME OF DEPARTURE TO GO TO WORK
118.8176280469178,69.69957408512992,136.63121042578786,99.48117046434733,135.70751389636672,99.02258300559164,61.58213045855428,52.39262604892133,89.9601760295886,81.8058706696586,B08011_003,Estimate!!Total:!!5:00 a.m. to 5:29 a.m.,SEX OF WORKERS BY TIME OF DEPARTURE TO GO TO WORK
122.60561922929392,79.6051335435571,108.02673008382465,98.0127495326908,96.73289140896047,105.50311534249464,68.68856916375469,62.629743544327155,78.97166092672177,61.30765121744353,B08011_004,Estimate!!Total:!!5:30 a.m. to 5:59 a.m.,SEX OF WORKERS BY TIME OF DEPARTURE TO GO TO WORK
107.56588575030324,90.09096848056507,114.66669741165916,89.60866743335394,119.39455166427206,106.10965712843657,68.25951428164056,69.98165275755352,84.92147902736362,87.96866708108858,B08011_005,Estimate!!Total:!!6:00 a.m. to 6:29 a.m.,SEX OF WORKERS BY TIME OF DEPARTURE TO GO TO WORK
108.11856917908997,102.47669098015417,87.79174546312825,88.3647610567547,76.3389208475353,113.98647001403646,75.11832441928397,80.72794776783002,73.81688461686335,66.52620239560355,B08011_006,Estimate!!Total:!!6:30 a.m. to 6:59 a.m.,SEX OF WORKERS BY TIME OF DEPARTURE TO GO TO WORK
95.90366752584393,109.15247186331791,97.38099267095329,81.30973958113904,94.79701725074821,111.19190397250082,78.05223313415812,95.50701901015985,75.53532526949482,104.80728340983816,B08011_007,Estimate!!Total:!!7:00 a.m. to 7:29 a.m.,SEX OF WORKERS BY TIME OF DEPARTURE TO GO TO WORK
97.42944900671795,112.4771900426094,75.16727277803935,90.572652432703,63.15805055580318,112.2903775787584,87.40059417324487,126.6567182302779,66.76915837757082,79.51480381396505,B08011_008,Estimate!!Total:!!7:30 a.m. to 7:59 a.m.,SEX OF WORKERS BY TIME OF DEPARTURE TO GO TO WORK
71.8199065773613,128.40722414074523,96.68404028131505,77.29254999163588,89.64177091884301,105.70178907543276,89.09773696932149,168.5974354126644,73.5476342882345,143.35440902527273,B08011_009,Estimate!!Total:!!8:00 a.m. to 8:29 a.m.,SEX OF WORKERS BY TIME OF DEPARTURE TO GO TO WORK
65.74888161710635,136.8984953632174,80.54455112780819,78.63960843320271,62.953946937699925,105.44926572969038,94.91447765151165,228.89244484898214,62.67957104246137,114.65960070995871,B08011_010,Estimate!!Total:!!8:30 a.m. to 8:59 a.m.,SEX OF WORKERS BY TIME OF DEPARTURE TO GO TO WORK
63.291630460025026,126.96394482406225,102.28317363148965,83.0545063597624,88.92715393702942,101.31174927523905,99.17478686256112,204.17371943536264,76.65612439212512,142.54761691317887,B08011_011,Estimate!!Total:!!9:00 a.m. to 9:59 a.m.,SEX OF WORKERS BY TIME OF DEPARTURE TO GO TO WORK
71.31528583653284,108.83882685748259,109.20986481201669,97.79468900096006,98.5825907924939,99.87588600154324,104.07641276124306,170.92900456521824,90.70752417821755,137.75727240986186,B08011_012,Estimate!!Total:!!10:00 a.m. to 10:59 a.m.,SEX OF WORKERS BY TIME OF DEPARTURE TO GO TO WORK
78.27549650230107,90.76073889945839,114.07377838407129,105.93076707747065,99.06738202711483,100.73031031708031,98.03020631428893,153.2544202768354,104.48527616990215,132.07268693799682,B08011_013,Estimate!!Total:!!11:00 a.m. to 11:59 a.m.,SEX OF WORKERS BY TIME OF DEPARTURE TO GO TO WORK
100.68894676208421,67.42576696857104,114.24336349543067,128.00559750976325,104.62782427645787,94.46676387782172,78.17973209725652,122.84574972667899,124.83633715928497,105.49423536627943,B08011_014,Estimate!!Total:!!12:00 p.m. to 3:59 p.m.,SEX OF WORKERS BY TIME OF DEPARTURE TO GO TO WORK
104.02384646204669,69.34189152136412,105.66005892911608,127.5785314456773,98.54148353746983,98.19279589655297,69.99374498879317,116.57415217189957,122.99490955920984,86.61723340268836,B08011_015,Estimate!!Total:!!4:00 p.m. to 11:59 p.m.,SEX OF WORKERS BY TIME OF DEPARTURE TO GO TO WORK
50.58310227655009,25.570758765958974,83.9814699248475,122.4509472324981,160.69075926133854,36.91492163231578,42.25668087135176,366.4217882741073,224.9977266368258,886.0009756672447,B08014_002,Estimate!!Total:!!No vehicle available,SEX OF WORKERS BY VEHICLES AVAILABLE
101.08458265646716,107.50114800257107,102.67611013971572,90.83707935314598,93.06293371023138,112.2219709282408,81.18474355081445,86.06432665270461,63.56025236853151,38.553712693401536,B08015_002,"Estimate!!Aggregate number of vehicles (car, truck, or van) used in commuting:!!Male","AGGREGATE NUMBER OF VEHICLES (CAR, TRUCK, OR VAN) USED IN COMMUTING BY WORKERS 16 YEARS AND OVER BY SEX"
102.5141605177386,102.72814472468832,95.6982534975762,94.956411305983,75.78852257436415,112.76930893119852,86.68831924737576,87.1777523430819,87.54300039309481,30.847778813636808,B08015_003,"Estimate!!Aggregate number of vehicles (car, truck, or van) used in commuting:!!Female","AGGREGATE NUMBER OF VEHICLES (CAR, TRUCK, OR VAN) USED IN COMMUTING BY WORKERS 16 YEARS AND OVER BY SEX"
15.60355853958616,86.87033234955841,104.81448147022911,56.04525277294772,137.78833704955807,43.607818559042265,23.589736908132885,382.1914814498109,198.10299994812524,1052.9010260035336,B08301_010,Estimate!!Total:!!Public transportation (excluding taxicab):,MEANS OF TRANSPORTATION TO WORK
125.07364502490887,72.52470549653718,70.57143387339922,140.80871303939531,65.7246737648383,94.46552694128772,107.68834940176235,139.5353014340217,67.2721791566261,28.236432076954678,B08303_003,Estimate!!Total:!!5 to 9 minutes,TRAVEL TIME TO WORK
99.04441126834138,80.94022580864608,86.19408309334588,134.48160090145248,84.71971666665398,105.30588579568845,93.17014335242244,133.49055160484568,82.3054879576864,37.59040716204394,B08303_004,Estimate!!Total:!!10 to 14 minutes,TRAVEL TIME TO WORK
87.7619502347047,87.85164738424007,96.32253642406559,117.54793983158665,94.35019744922407,112.35793114576893,84.56732838393752,122.23342994021937,94.28132201222274,43.78803405035795,B08303_005,Estimate!!Total:!!15 to 19 minutes,TRAVEL TIME TO WORK
85.42162744127903,99.18238197909358,104.38753810349819,91.83742650918961,100.6001333207677,114.26935670905377,79.11570650560776,114.5247395637216,96.8989867365862,56.43125225116128,B08303_006,Estimate!!Total:!!20 to 24 minutes,TRAVEL TIME TO WORK
92.48234833273189,112.41044162052181,100.12311551426791,72.22622787696955,87.02349121257265,115.7677131887106,71.58395508005906,113.6367860927312,75.42442012092583,54.75380532438847,B08303_007,Estimate!!Total:!!25 to 29 minutes,TRAVEL TIME TO WORK
85.08546464163672,107.18312047588586,123.80963350032077,69.94603806687986,124.3255158253069,106.2038232355694,69.60926463296082,114.63576270769826,94.66533743629556,113.96465570407224,B08303_008,Estimate!!Total:!!30 to 34 minutes,TRAVEL TIME TO WORK
101.22652390147265,130.0981078354067,96.6539605190661,55.44720205442816,68.38926753552578,108.28956202266173,68.57597542144347,117.68045115687471,64.81952141075837,98.73163458701723,B08303_009,Estimate!!Total:!!35 to 39 minutes,TRAVEL TIME TO WORK
90.38510451567197,128.48856089823943,111.75995019807883,52.6201029404905,99.03515588156688,103.57364810273195,61.834374574411456,122.4367165624231,65.98819220779568,176.93123844550456,B08303_010,Estimate!!Total:!!40 to 44 minutes,TRAVEL TIME TO WORK
96.21825832481832,128.4450992837024,109.53251371963637,53.20941863641425,84.90834961503494,101.67589306630529,62.98075037443537,109.33878958628465,69.63080465278493,202.59965718401608,B08303_011,Estimate!!Total:!!45 to 59 minutes,TRAVEL TIME TO WORK
82.77817973167,132.23834266654288,127.68557401036593,52.17070043038,103.48529389177754,95.24495007009904,58.92985041112968,95.33320047849698,82.55257836874664,332.83961165794096,B08303_012,Estimate!!Total:!!60 to 89 minutes,TRAVEL TIME TO WORK
89.39355255936479,126.0218922388531,120.112609834912,63.202830996701245,92.83485396973747,96.86188258264553,78.94445605213384,77.2824706665632,92.23099372459689,286.1058409653466,B08303_013,Estimate!!Total:!!90 or more minutes,TRAVEL TIME TO WORK
88.91975609700668,43.704542716116165,132.27404754963032,181.88360577848158,175.91526082243223,75.92018252404633,55.97448534778312,49.483113117496316,321.5223045176165,141.22647778289422,B09005_005,"Estimate!!Total:!!In female householder, no spouse/partner present household","HOUSEHOLD TYPE FOR CHILDREN UNDER 18 YEARS IN HOUSEHOLDS (EXCLUDING HOUSEHOLDERS, SPOUSES, AND UNMARRIED PARTNERS)"
108.58270320882193,130.27977569723237,76.75171554922139,70.31806942280286,66.40829392387786,111.72290324911694,121.90723360105041,73.07368869606262,44.92217589617734,73.70908795302232,B11001_003,Estimate!!Total:!!Family households:!!Married-couple family,HOUSEHOLD TYPE (INCLUDING LIVING ALONE)
97.8640363761077,34.80757578644397,113.98864136855008,178.56846834648852,181.14981297419092,63.02290368713043,86.67278833529521,155.78034532313262,246.93859019589547,139.63661869366578,C17002_002,Estimate!!Total:!!Under .50,RATIO OF INCOME TO POVERTY LEVEL IN THE PAST 12 MONTHS
108.32341221008615,26.24649480165236,134.26128362880272,187.1825488427398,232.03367575568853,60.80092764800722,82.8324409014208,87.99263516787498,219.94317559037188,148.74820495645537,C17002_003,Estimate!!Total:!!.50 to .99,RATIO OF INCOME TO POVERTY LEVEL IN THE PAST 12 MONTHS
112.29845390999678,29.37888558839134,143.67833973072482,164.73933380261266,210.34824866027228,70.23031631465781,95.20476356748034,74.05202190706268,176.94606186093841,126.44740933164009,C17002_004,Estimate!!Total:!!1.00 to 1.24,RATIO OF INCOME TO POVERTY LEVEL IN THE PAST 12 MONTHS
114.93756924273053,33.046629976018714,145.6787450670031,153.93228807219376,194.1002843140091,75.90333045944028,99.70071402700134,65.52729290231217,150.51778297231513,117.35091882998941,C17002_005,Estimate!!Total:!!1.25 to 1.49,RATIO OF INCOME TO POVERTY LEVEL IN THE PAST 12 MONTHS
115.34434964661158,38.67615261974034,141.5550710851187,139.6053856384416,169.46765605530288,82.9429571718831,103.14987644080308,66.84609203871747,135.84971079007465,106.8720361749627,C17002_006,Estimate!!Total:!!1.50 to 1.84,RATIO OF INCOME TO POVERTY LEVEL IN THE PAST 12 MONTHS
115.45129795839048,42.74488337472442,138.22658146299088,131.84828235214238,150.9146586196136,87.01417329327032,107.49998767945681,67.71550634766075,124.98499080525379,106.85072942230917,C17002_007,Estimate!!Total:!!1.85 to 1.99,RATIO OF INCOME TO POVERTY LEVEL IN THE PAST 12 MONTHS
94.9106691987208,131.78788270400688,85.94721533037992,71.0146733463789,59.74273998465136,114.25451093533255,103.98160782827102,92.21662413282951,61.811966249851366,89.19891467526617,C17002_008,Estimate!!Total:!!2.00 and over,RATIO OF INCOME TO POVERTY LEVEL IN THE PAST 12 MONTHS
106.34990747104003,54.13923493053089,145.93720913038288,162.6486855716422,168.30669384179316,85.69223368320067,55.324200347105254,41.723793025516784,164.1633020731428,83.08861757996469,B18101_004,Estimate!!Total:!!Male:!!Under 5 years:!!With a disability,SEX BY AGE BY DISABILITY STATUS
120.18907800035426,72.24737851998208,101.44625798981004,150.33705618469543,115.89430184981893,91.20067068458926,64.02773269520445,41.77860929645395,153.20936301856887,79.74336370502914,B18101_007,Estimate!!Total:!!Male:!!5 to 17 years:!!With a disability,SEX BY AGE BY DISABILITY STATUS
113.53998132800723,57.08576116030335,96.48765419417805,151.53067217783826,100.65341474349347,88.46191551802899,79.18930012647279,115.13369886460711,152.70392974937826,80.5138844094461,B18101_010,Estimate!!Total:!!Male:!!18 to 34 years:!!With a disability,SEX BY AGE BY DISABILITY STATUS
140.44208284639353,52.116500709187775,85.80751888112327,140.21784507106747,93.36170890176577,85.11180771472095,107.31097428706629,62.832036031015235,145.024838828119,84.80576635308859,B18101_013,Estimate!!Total:!!Male:!!35 to 64 years:!!With a disability,SEX BY AGE BY DISABILITY STATUS
143.45477415225727,64.67337766065938,73.3185141895931,104.00280744954749,72.60153505971715,92.51383631170809,184.71428884432544,53.36984873936438,99.64845136512159,75.19567783498363,B18101_016,Estimate!!Total:!!Male:!!65 to 74 years:!!With a disability,SEX BY AGE BY DISABILITY STATUS
127.24389472787632,81.19259977403452,71.30749423371515,86.13538255322541,67.66811388696941,96.21694025776758,257.5610733584285,60.884336279050864,75.65036650167706,87.8093282085736,B18101_019,Estimate!!Total:!!Male:!!75 years and over:!!With a disability,SEX BY AGE BY DISABILITY STATUS
103.75646365627877,55.86202349791603,125.0014984424044,165.2172902950809,142.77557635966494,91.62992788650983,60.016734088316895,48.04079516019422,159.9350430744908,110.74518500177133,B18101_023,Estimate!!Total:!!Female:!!Under 5 years:!!With a disability,SEX BY AGE BY DISABILITY STATUS
119.44956020469775,71.79407283285862,100.30334235808087,148.48808426904563,123.73761118194528,90.70764049494728,66.91595369412728,41.952947514908075,158.86668112127262,79.84992173818192,B18101_026,Estimate!!Total:!!Female:!!5 to 17 years:!!With a disability,SEX BY AGE BY DISABILITY STATUS
112.97983855983323,53.06346055553933,91.46398931254186,165.47417618736975,94.85846001541192,84.08374481687694,75.35977010515526,140.31643494378685,155.44054075730566,82.59139924294603,B18101_029,Estimate!!Total:!!Female:!!18 to 34 years:!!With a disability,SEX BY AGE BY DISABILITY STATUS
133.11123536940582,49.21116295218439,89.98485700646366,151.17289675357566,94.89653134110158,83.9290152307219,103.27126840743004,57.46898269845374,177.47800327644225,100.56072823057266,B18101_032,Estimate!!Total:!!Female:!!35 to 64 years:!!With a disability,SEX BY AGE BY DISABILITY STATUS
127.07969113201764,60.970281029916976,86.25633197799762,121.1703526944896,89.85519578248469,89.1160053297221,163.5378470586573,60.96073653268069,142.73604615580692,109.69050049245814,B18101_035,Estimate!!Total:!!Female:!!65 to 74 years:!!With a disability,SEX BY AGE BY DISABILITY STATUS
117.2656707703101,77.24792126822123,79.0513299012865,102.27937787243921,76.92123643054329,94.51152313875016,212.4916863962249,71.61853275886455,108.11624689558388,117.44388061620954,B18101_038,Estimate!!Total:!!Female:!!75 years and over:!!With a disability,SEX BY AGE BY DISABILITY STATUS
107.58294155996755,85.53236564324848,110.59731535536517,135.65542824270966,125.72025654784751,95.23569828519256,62.49512668774086,43.69318344094728,130.77629635496805,115.25776908156149,B18106_004,Estimate!!Total:!!Male:!!5 to 17 years:!!With a self-care difficulty,SEX BY AGE BY SELF-CARE DIFFICULTY
107.7123115523609,66.67574192373607,113.85666475341809,134.08745107701412,122.76273850543716,90.97349452620178,84.3437953671569,72.63551143381883,167.31833835501908,95.49552158968126,B18106_007,Estimate!!Total:!!Male:!!18 to 34 years:!!With a self-care difficulty,SEX BY AGE BY SELF-CARE DIFFICULTY
137.33999580497508,44.13656874724147,93.31713412485618,149.32987248943198,111.46775667538382,80.58840522760335,105.33661652936055,58.078239528861616,176.1846667344783,94.29287045250534,B18106_010,Estimate!!Total:!!Male:!!35 to 64 years:!!With a self-care difficulty,SEX BY AGE BY SELF-CARE DIFFICULTY
135.3288774849885,49.88670343021696,92.25625731191023,128.77530775209195,105.53955085779825,82.4068817985179,145.14261187515197,63.763965292081274,155.33246417839075,102.47163821170038,B18106_013,Estimate!!Total:!!Male:!!65 to 74 years:!!With a self-care difficulty,SEX BY AGE BY SELF-CARE DIFFICULTY
116.66173444191321,78.64534916725172,87.2852681937537,94.19378979867278,98.52661101059832,92.9002289918242,205.06496978328985,69.75329059010464,97.80220891121814,132.8332084823721,B18106_016,Estimate!!Total:!!Male:!!75 years and over:!!With a self-care difficulty,SEX BY AGE BY SELF-CARE DIFFICULTY
106.22056079203688,87.7619865354976,119.77981709365852,128.65089665930643,138.03000361484604,95.07206919201492,62.501371856288365,42.010676127033555,135.35421717598416,87.07661036049855,B18106_020,Estimate!!Total:!!Female:!!5 to 17 years:!!With a self-care difficulty,SEX BY AGE BY SELF-CARE DIFFICULTY
111.60906231856178,67.83435502756767,110.89725733218549,147.19566639909777,114.70450140597184,88.10753077651253,83.4035458532655,71.33869219361918,149.3339415292759,104.98904338461128,B18106_023,Estimate!!Total:!!Female:!!18 to 34 years:!!With a self-care difficulty,SEX BY AGE BY SELF-CARE DIFFICULTY
130.81059276328733,41.22603924171998,95.24760154264226,161.21995213210596,112.63815574211418,78.8213616187817,99.05926635225116,55.54018562959744,210.23167148980963,109.51076819467652,B18106_026,Estimate!!Total:!!Female:!!35 to 64 years:!!With a self-care difficulty,SEX BY AGE BY SELF-CARE DIFFICULTY
121.30048752530105,52.71137901531191,99.31388286271388,133.54683472240106,122.92481815848187,81.64038673195945,136.28708286602668,63.8188494615975,178.57954653929397,142.06753663594807,B18106_029,Estimate!!Total:!!Female:!!65 to 74 years:!!With a self-care difficulty,SEX BY AGE BY SELF-CARE DIFFICULTY
105.03990083673094,80.42796869218785,95.33057824879205,101.3795176951173,103.89910917109968,92.03724418992049,177.44631730799554,79.4577701593054,122.3268566334687,163.92824847242673,B18106_032,Estimate!!Total:!!Female:!!75 years and over:!!With a self-care difficulty,SEX BY AGE BY SELF-CARE DIFFICULTY
117.11624771921838,66.21998456522005,96.01365359473331,141.06183841728307,95.83581806967119,92.16932765135466,87.04547977162876,73.91214254594173,162.2137104489231,76.33895812149916,B18107_004,Estimate!!Total:!!Male:!!18 to 34 years:!!With an independent living difficulty,SEX BY AGE BY INDEPENDENT LIVING DIFFICULTY
138.81177383997553,44.760661824572814,90.9080947011225,153.0307355244696,100.69307415431238,79.72913988573687,106.44246108518394,62.64868686993693,173.95068255127632,92.84668121368006,B18107_007,Estimate!!Total:!!Male:!!35 to 64 years:!!With an independent living difficulty,SEX BY AGE BY INDEPENDENT LIVING DIFFICULTY
135.96938524610738,53.57706581353568,92.46769348346675,124.53833275466235,98.42591566796305,83.15969641641443,143.92127603325048,62.4626603108262,146.9077898153178,111.70406087415898,B18107_010,Estimate!!Total:!!Male:!!65 to 74 years:!!With an independent living difficulty,SEX BY AGE BY INDEPENDENT LIVING DIFFICULTY
117.18480359952828,81.6390912682302,85.28335430630575,92.3211263058416,86.05827942594863,94.27528219949176,213.88792823319415,68.20205669407635,94.53689607851324,124.43040486966011,B18107_013,Estimate!!Total:!!Male:!!75 years and over:!!With an independent living difficulty,SEX BY AGE BY INDEPENDENT LIVING DIFFICULTY
119.89209329871274,62.00653192832408,91.74377492750791,161.51326506243703,84.42771553668263,89.01117434085175,84.95151762946666,95.34399014144748,130.02457399670777,76.92316613952644,B18107_017,Estimate!!Total:!!Female:!!18 to 34 years:!!With an independent living difficulty,SEX BY AGE BY INDEPENDENT LIVING DIFFICULTY
135.00411541833728,43.7052803966774,91.23254158868741,157.94252666472622,94.96639277441687,80.98043601812002,104.72996541351446,57.835174767605814,188.94588400178677,100.68422798799526,B18107_020,Estimate!!Total:!!Female:!!35 to 64 years:!!With an independent living difficulty,SEX BY AGE BY INDEPENDENT LIVING DIFFICULTY
122.13502361355863,56.76618744272004,99.04654585749914,129.802073259088,107.72168923865684,84.80820975518232,133.761195291385,63.92042885025305,165.50168993244645,133.16897323108086,B18107_023,Estimate!!Total:!!Female:!!65 to 74 years:!!With an independent living difficulty,SEX BY AGE BY INDEPENDENT LIVING DIFFICULTY
110.98106530640783,79.41805442945595,87.85312391731198,103.05069024154416,88.0548090601397,94.3805863491471,183.2754919559785,75.4704694288944,115.07805638478624,139.38307707300854,B18107_026,Estimate!!Total:!!Female:!!75 years and over:!!With an independent living difficulty,SEX BY AGE BY INDEPENDENT LIVING DIFFICULTY
94.50593190588764,114.54919419619824,113.16053594892345,109.003369346459,126.89485882456766,101.54476087104057,61.2979553705488,56.079575516842276,111.85159191758969,93.82447784076365,C18108_005,Estimate!!Total:!!Under 18 years:!!No disability,AGE BY NUMBER OF DISABILITIES
92.32957857132772,102.31467437902226,105.08944760957601,93.67117558468084,101.39190200868806,101.74587668451338,81.00786621987774,128.10375283016552,91.89768239629377,107.30163663800505,C18108_009,Estimate!!Total:!!18 to 64 years:!!No disability,AGE BY NUMBER OF DISABILITIES
110.95624569313645,111.08803866500949,67.24591896584165,71.37314797439423,55.30125379188018,103.87254378021309,238.27188538211595,70.44437985545333,73.46205378816859,89.08892591220922,C18108_013,Estimate!!Total:!!65 years and over:!!No disability,AGE BY NUMBER OF DISABILITIES
110.27040307022276,33.283976844911614,82.36166194997676,178.47221852331074,134.0891432776354,60.70691453417189,117.61231400601363,160.25136503102294,272.724304844826,152.8853634314187,B19001_002,"Estimate!!Total:!!Less than $10,000",HOUSEHOLD INCOME IN THE PAST 12 MONTHS (IN 2019 INFLATION-ADJUSTED DOLLARS)
127.45609768046889,27.92612906554754,87.41069388403866,180.68591388047977,145.225572588355,60.047683474506854,128.90519062572457,116.93568159799665,220.04087794025202,155.85663403397666,B19001_003,"Estimate!!Total:!!$10,000 to $14,999",HOUSEHOLD INCOME IN THE PAST 12 MONTHS (IN 2019 INFLATION-ADJUSTED DOLLARS)
130.4654235606109,29.549741370621952,91.2302729729019,167.80987806809532,142.9815714092487,67.88324695704449,140.4651453983705,99.23267785983467,192.44940330114295,115.75560172277794,B19001_004,"Estimate!!Total:!!$15,000 to $19,999",HOUSEHOLD INCOME IN THE PAST 12 MONTHS (IN 2019 INFLATION-ADJUSTED DOLLARS)
128.2437308779323,33.6932813363018,96.14871534272858,158.84923679828358,139.65561502515587,73.36546559583259,143.60886444509438,96.59109017098588,165.9983511104141,103.05184149638418,B19001_005,"Estimate!!Total:!!$20,000 to $24,999",HOUSEHOLD INCOME IN THE PAST 12 MONTHS (IN 2019 INFLATION-ADJUSTED DOLLARS)
127.51658603516256,35.56462898368413,97.3837975234823,152.16559411337812,130.18073567778703,77.97128767665458,145.38849190445507,93.0370310479733,154.5399622701916,95.42981867144195,B19001_006,"Estimate!!Total:!!$25,000 to $29,999",HOUSEHOLD INCOME IN THE PAST 12 MONTHS (IN 2019 INFLATION-ADJUSTED DOLLARS)
125.42098119580258,38.301271643724846,99.67037216078403,145.54593965503096,124.9992960501765,82.27648237393372,143.1855730761582,91.28451550647789,142.00250098999467,92.9970965579274,B19001_007,"Estimate!!Total:!!$30,000 to $34,999",HOUSEHOLD INCOME IN THE PAST 12 MONTHS (IN 2019 INFLATION-ADJUSTED DOLLARS)
124.75241214988728,41.17346653761297,100.52885135636728,135.27077311121934,115.61371841492154,87.59012446700926,140.50440018049508,88.14860684618992,129.84868396882402,90.12535558199562,B19001_008,"Estimate!!Total:!!$35,000 to $39,999",HOUSEHOLD INCOME IN THE PAST 12 MONTHS (IN 2019 INFLATION-ADJUSTED DOLLARS)
123.7141784262086,43.904772603982344,99.84556077866351,128.93008540441414,107.43397491981676,90.89984583949041,136.0456210062131,91.58059629127568,120.58838609146969,90.708224044643,B19001_009,"Estimate!!Total:!!$40,000 to $44,999",HOUSEHOLD INCOME IN THE PAST 12 MONTHS (IN 2019 INFLATION-ADJUSTED DOLLARS)
122.5943029073795,47.57425682674582,99.27896064415428,123.4220157449735,98.6052944008765,94.95701229568976,135.23580503409087,90.36086490859712,108.72168633915335,85.93045470524176,B19001_010,"Estimate!!Total:!!$45,000 to $49,999",HOUSEHOLD INCOME IN THE PAST 12 MONTHS (IN 2019 INFLATION-ADJUSTED DOLLARS)
119.33571732854067,54.568207559276395,97.998222297002,112.07186751548753,88.83144295812842,99.83209923618922,130.4378481303278,96.40257414646935,96.3424362160833,86.25668884712422,B19001_011,"Estimate!!Total:!!$50,000 to $59,999",HOUSEHOLD INCOME IN THE PAST 12 MONTHS (IN 2019 INFLATION-ADJUSTED DOLLARS)
117.10333824025356,63.09853492671317,94.7899474066942,97.95450812602253,76.85044860732508,106.23654257731134,125.24608479644061,96.90259885169795,82.49270560455281,85.39520688011987,B19001_012,"Estimate!!Total:!!$60,000 to $74,999",HOUSEHOLD INCOME IN THE PAST 12 MONTHS (IN 2019 INFLATION-ADJUSTED DOLLARS)
109.43063612563064,82.94696645149796,86.36031656004293,80.14937188117585,58.39547538899035,115.28843998860437,116.67133400609163,103.4264126434401,63.2238132048338,86.62771229946445,B19001_013,"Estimate!!Total:!!$75,000 to $99,999",HOUSEHOLD INCOME IN THE PAST 12 MONTHS (IN 2019 INFLATION-ADJUSTED DOLLARS)
96.57246917736428,114.68113658537843,78.40619975965085,61.05751663457701,42.97089068981021,123.55719628915305,107.161204419296,109.77443274501557,46.39858657457947,87.9943137868892,B19001_014,"Estimate!!Total:!!$100,000 to $124,999",HOUSEHOLD INCOME IN THE PAST 12 MONTHS (IN 2019 INFLATION-ADJUSTED DOLLARS)
82.20152975376065,150.74752764869004,69.58102241765567,47.42927835202963,32.94806696897849,127.74495917873377,99.76481257437787,121.07915590784211,35.8430057925366,90.01216649619649,B19001_015,"Estimate!!Total:!!$125,000 to $149,999",HOUSEHOLD INCOME IN THE PAST 12 MONTHS (IN 2019 INFLATION-ADJUSTED DOLLARS)
64.20949454044668,198.98796135706425,60.72450698782471,35.9622633779889,25.561209834200742,127.07890211873729,97.18242589370251,139.83380691612243,26.942988147754654,95.68724559968167,B19001_016,"Estimate!!Total:!!$150,000 to $199,999",HOUSEHOLD INCOME IN THE PAST 12 MONTHS (IN 2019 INFLATION-ADJUSTED DOLLARS)
40.979299410944684,305.08790716914467,39.45924155865734,23.33991871168187,15.419725940299504,107.88184967943333,104.12799534424641,192.12455606353817,16.783422616727027,86.84055334347303,B19001_017,"Estimate!!Total:!!$200,000 or more",HOUSEHOLD INCOME IN THE PAST 12 MONTHS (IN 2019 INFLATION-ADJUSTED DOLLARS)
116.4342715123903,20.864074929495942,115.14976590191604,202.1359005708407,177.471545379498,59.35184126211497,84.67424490236871,69.510788200534,275.079132229486,182.91251808495934,B19058_002,Estimate!!Total:!!With cash public assistance or Food Stamps/SNAP,PUBLIC ASSISTANCE INCOME OR FOOD STAMPS/SNAP IN THE PAST 12 MONTHS FOR HOUSEHOLDS
121.42945286535334,97.24068824732896,56.18340686995581,83.21555150961618,35.58045129563549,108.93670531843492,200.4672851867593,62.980740166417284,88.23836043438769,68.67558460415508,B19059_002,Estimate!!Total:!!With retirement income,RETIREMENT INCOME IN THE PAST 12 MONTHS FOR HOUSEHOLDS
181.7651114350433,48.92718836640436,110.45541265918735,92.45523689256281,171.25263689144253,80.11395764680628,82.88414593767106,37.74745656469657,21.901880699311608,6.558383097589609,C24050_002,"Estimate!!Total:!!Agriculture, forestry, fishing and hunting, and mining",INDUSTRY BY OCCUPATION FOR THE CIVILIAN  EMPLOYED POPULATION 16 YEARS AND OVER
111.25412606465311,75.19113213590205,131.4698296635645,93.77839211945981,167.52617862440678,101.59152358871633,93.19320828010545,53.32761755615037,53.79014506728967,87.3622722654819,C24050_003,Estimate!!Total:!!Construction,INDUSTRY BY OCCUPATION FOR THE CIVILIAN  EMPLOYED POPULATION 16 YEARS AND OVER
137.15531886426044,92.74515625914387,83.95063795315704,103.72577948023456,83.78873978698147,100.63757007696088,49.89504747037948,70.82508356900102,71.05482961308512,33.82053941961195,C24050_004,Estimate!!Total:!!Manufacturing,INDUSTRY BY OCCUPATION FOR THE CIVILIAN  EMPLOYED POPULATION 16 YEARS AND OVER
91.75195001888781,121.45268315414503,110.86459692781257,79.17291911411174,106.10546514506115,111.55298060311706,70.66362822020679,89.58306878190393,58.05503568691536,74.8449557273954,C24050_005,Estimate!!Total:!!Wholesale trade,INDUSTRY BY OCCUPATION FOR THE CIVILIAN  EMPLOYED POPULATION 16 YEARS AND OVER
101.00890751621334,84.91670889606733,107.93693300247884,105.71340416123103,94.79043144105613,105.41940964052208,95.29936152242541,95.75700981957476,86.6194554138691,86.61345979616509,C24050_006,Estimate!!Total:!!Retail trade,INDUSTRY BY OCCUPATION FOR THE CIVILIAN  EMPLOYED POPULATION 16 YEARS AND OVER
101.72834389567802,75.67569994992867,128.44033598013226,89.69752729375429,111.39972110965853,104.48899733645504,69.18002106652985,69.12105651925006,122.53457558475253,139.63655871425755,C24050_007,"Estimate!!Total:!!Transportation and warehousing, and utilities",INDUSTRY BY OCCUPATION FOR THE CIVILIAN  EMPLOYED POPULATION 16 YEARS AND OVER
63.45970089590692,152.55356751640926,82.65410823790118,65.72204436093205,60.23889579421675,104.84956332614563,70.8205487923509,234.00919676923215,58.851136377736644,138.92764172424003,C24050_008,Estimate!!Total:!!Information,INDUSTRY BY OCCUPATION FOR THE CIVILIAN  EMPLOYED POPULATION 16 YEARS AND OVER
68.60805330177978,159.49933602617799,78.41372206345639,64.67471351422911,54.45816537975281,115.22975019109526,93.76994406614646,153.9674561612798,61.515622884347266,111.0297655186417,C24050_009,"Estimate!!Total:!!Finance and insurance, and real estate, and rental and leasing",INDUSTRY BY OCCUPATION FOR THE CIVILIAN  EMPLOYED POPULATION 16 YEARS AND OVER
61.41299660186913,149.1170985187368,97.9891877100461,72.41637035974777,87.25345231340988,106.76702318659552,87.04969191340726,189.9376103980481,68.88166886209156,101.13305853868886,C24050_010,"Estimate!!Total:!!Professional, scientific, and management, and administrative, and waste management services",INDUSTRY BY OCCUPATION FOR THE CIVILIAN  EMPLOYED POPULATION 16 YEARS AND OVER
93.40862525885564,109.10566624028158,84.1996708537809,88.81623515661931,64.06370401082559,108.04932044730506,78.05401507212513,132.67179232194627,94.8483524021261,118.54459594674185,C24050_011,"Estimate!!Total:!!Educational services, and health care and social assistance",INDUSTRY BY OCCUPATION FOR THE CIVILIAN  EMPLOYED POPULATION 16 YEARS AND OVER
80.00053533872297,79.17942768372703,121.8149341400057,117.5738164631851,123.80688767972102,97.2264990491221,112.4437109811818,143.09818744129683,102.06116140619734,120.34540583161318,C24050_012,"Estimate!!Total:!!Arts, entertainment, and recreation, and accommodation and food services",INDUSTRY BY OCCUPATION FOR THE CIVILIAN  EMPLOYED POPULATION 16 YEARS AND OVER
93.95372703653167,90.07398656820503,116.42786740341111,91.92584282007701,118.00602168309018,103.95783102648176,91.7400446952793,106.02426247055483,80.87983436929663,115.57435139224084,C24050_013,"Estimate!!Total:!!Other services, except public administration",INDUSTRY BY OCCUPATION FOR THE CIVILIAN  EMPLOYED POPULATION 16 YEARS AND OVER
97.33046651732737,106.23884200820015,81.40538765209668,83.61044962048639,45.64740882587902,119.29401493603693,81.31309524270348,97.94835808214717,91.25857202925778,87.5571179912073,C24050_014,Estimate!!Total:!!Public administration,INDUSTRY BY OCCUPATION FOR THE CIVILIAN  EMPLOYED POPULATION 16 YEARS AND OVER
76.11848550952493,156.3103677981762,68.17732441052983,62.59870910063952,40.589985360728676,115.70516077285589,82.57072931901473,174.9263666818743,51.911032335588644,90.88399027841334,C24050_015,"Estimate!!Total:!!Management, business, science, and arts occupations:",INDUSTRY BY OCCUPATION FOR THE CIVILIAN  EMPLOYED POPULATION 16 YEARS AND OVER
94.67678475444983,65.03655941923347,128.80568135424616,120.54960909372998,136.0241154539478,93.35028717272662,92.131886630887,100.49702735616599,126.35243283498576,146.36965611749883,C24050_029,Estimate!!Total:!!Service occupations:,INDUSTRY BY OCCUPATION FOR THE CIVILIAN  EMPLOYED POPULATION 16 YEARS AND OVER
92.36974606790922,101.42534072919416,102.92605991692072,91.62330662017428,83.17034063042699,109.88098452732989,92.62338118699967,105.31889010756149,86.16086388371693,94.23706174808986,C24050_043,Estimate!!Total:!!Sales and office occupations:,INDUSTRY BY OCCUPATION FOR THE CIVILIAN  EMPLOYED POPULATION 16 YEARS AND OVER
126.33404241218851,53.64634833916545,136.0034331672547,102.10577415519025,176.53222064477626,96.90281101634136,84.38419801406074,43.89119299213706,59.77271358523409,77.66493625310214,C24050_057,"Estimate!!Total:!!Natural resources, construction, and maintenance occupations:",INDUSTRY BY OCCUPATION FOR THE CIVILIAN  EMPLOYED POPULATION 16 YEARS AND OVER
132.21035083493237,48.311673510481704,123.02064629978715,126.60536068933361,135.54861048210907,90.83442221641042,59.96997190672593,53.982213702976786,118.08880426123945,80.24587562717798,C24050_071,"Estimate!!Total:!!Production, transportation, and material moving occupations:",INDUSTRY BY OCCUPATION FOR THE CIVILIAN  EMPLOYED POPULATION 16 YEARS AND OVER
149.71197265793305,41.25907337610701,55.35327574742128,114.33909592042122,64.79465373084075,58.343722833467446,399.19541054456687,115.06491730108137,166.2708831112627,58.143283548065206,B25002_003,Estimate!!Total:!!Vacant,OCCUPANCY STATUS
79.79124938269656,40.019409970190544,118.57813654157205,159.67886310120662,146.70361820064912,76.31430037023586,89.56243350148293,211.63999968372121,168.653236868883,182.38902342994973,B25003_003,Estimate!!Total:!!Renter occupied,TENURE
128.94218672708985,115.79361575607592,63.38132597960116,86.08703948554825,52.12812770479213,107.99048944914335,140.93590461846568,36.59238653990123,86.79389121900223,16.98062727256373,B25024_002,"Estimate!!Total:!!1, detached",UNITS IN STRUCTURE
54.15981051408234,81.50543200829688,96.82040304550435,110.89465471391806,69.27215619708481,107.13456608475282,179.30644858257065,152.67122129980814,206.40946666428542,136.9079529318761,B25024_003,"Estimate!!Total:!!1, attached",UNITS IN STRUCTURE
93.96564622382961,31.057930889357976,92.06569149293078,203.79696086656242,150.6289664349127,48.9154339000448,96.48050947098379,170.7255406785233,247.6287392089876,381.288492813464,B25024_004,Estimate!!Total:!!2,UNITS IN STRUCTURE
72.20013564365647,31.268808761677814,115.14220489896019,199.92409262582703,166.8234124877865,63.5427704772132,135.4572049395726,206.3802126376053,203.81152497094618,209.7461841397292,B25024_005,Estimate!!Total:!!3 or 4,UNITS IN STRUCTURE
58.48278383474963,32.58446048420261,130.1817609765751,174.21150717063128,156.26293025839104,79.79579716749052,141.7525621284777,228.18462595420104,190.01952200233075,115.61417004581082,B25024_006,Estimate!!Total:!!5 to 9,UNITS IN STRUCTURE
41.29101893625779,34.22826760357293,155.86691946703587,145.79478884909378,178.55472839787407,87.23050998329775,148.07719582111736,262.3500720755614,138.43580088289923,119.51755389189631,B25024_007,Estimate!!Total:!!10 to 19,UNITS IN STRUCTURE
37.201024132700255,36.803905892061685,122.24050027657445,115.98323293899465,167.3084919699805,67.044438605148315,208.86635881617525,351.71788643809,99.16107979524396,405.8632009100407,B25024_008,Estimate!!Total:!!20 to 49,UNITS IN STRUCTURE
22.534404161088187,36.86322743306169,87.59664843131925,99.01433879184337,109.69603222255795,51.98595010017998,199.20181989254064,565.1057588617535,117.8962809232019,462.2233892167652,B25024_009,Estimate!!Total:!!50 or more,UNITS IN STRUCTURE
236.23270339073406,12.069981845166506,84.06479761264353,72.00119736452973,56.15122833446237,63.44606472583651,272.5319208264473,14.81983131417227,29.675589691012245,2.096383911791023,B25024_010,Estimate!!Total:!!Mobile home,UNITS IN STRUCTURE
71.82622958664379,152.32097578792633,56.58049810980589,57.021281969875545,41.375478427842665,118.25586988071694,146.02655870301186,201.58331127271234,39.531554331137464,31.943064451636904,B25034_002,Estimate!!Total:!!Built 2014 or later,YEAR STRUCTURE BUILT
84.07248098463398,133.58352064748888,57.91397203283508,71.0970271196113,53.18776460613862,115.30247765386177,126.03650585653887,168.69360829603423,64.289178552673,48.41743594768909,B25034_003,Estimate!!Total:!!Built 2010 to 2013,YEAR STRUCTURE BUILT
96.67969782990112,127.31918718791597,60.101720677530516,56.16606668530676,46.733051519160554,119.21494032209074,200.70000940404475,102.91318134523712,52.53983014041853,33.282649535043554,B25034_004,Estimate!!Total:!!Built 2000 to 2009,YEAR STRUCTURE BUILT
113.11438859336059,102.00255085035653,72.89607741306318,70.4961600893986,52.038190258228724,114.68444265800608,191.48939893274147,82.99852945091698,48.67436297778331,25.35384079991834,B25034_005,Estimate!!Total:!!Built 1990 to 1999,YEAR STRUCTURE BUILT
99.76903064584693,75.58012581888266,97.2366389491465,89.90374158221015,77.7490685179644,110.74380645308581,241.28902617833728,88.48430020519906,62.08286371757321,30.12369672856327,B25034_006,Estimate!!Total:!!Built 1980 to 1989,YEAR STRUCTURE BUILT
111.21355744944357,65.45749433608965,96.11145084498894,115.06459415796562,86.39877424085263,98.53984930057389,198.69792979180951,90.08752161734328,98.00489458902072,44.377182474882055,B25034_007,Estimate!!Total:!!Built 1970 to 1979,YEAR STRUCTURE BUILT
105.00747697987455,79.09156422439561,99.29205647194671,125.5009081178231,95.24707018943785,87.71196985399186,125.49778112748136,106.37109881951578,151.18089717638213,110.85896784948366,B25034_008,Estimate!!Total:!!Built 1960 to 1969,YEAR STRUCTURE BUILT
111.24053996986622,76.13717044883408,106.43346387718759,131.75765395041844,104.67884802056899,84.3249674585482,80.9575032162341,81.9237899518464,184.84585688714915,125.6501344049033,B25034_009,Estimate!!Total:!!Built 1950 to 1959,YEAR STRUCTURE BUILT
128.68423156600102,61.0794639672385,82.3757929307216,147.17795148874546,139.56835980808012,60.12134381290829,64.13042730604023,110.39258756607968,238.43400206264894,208.83606362178278,B25034_010,Estimate!!Total:!!Built 1940 to 1949,YEAR STRUCTURE BUILT
147.7296226553806,57.118696463005904,48.27874152486009,157.75556778315027,98.24441930653167,39.11779895570767,54.72913400834325,222.78927958494043,187.6721826766544,290.98692000468253,B25034_011,Estimate!!Total:!!Built 1939 or earlier,YEAR STRUCTURE BUILT
66.96518989745562,32.10464389893807,92.5963585687006,147.3361634113967,181.6744302704382,49.77969282996803,141.67883855772467,403.48181458012783,117.53023244756278,294.2965508587692,B25041_002,Estimate!!Total:!!No bedroom,BEDROOMS
75.30560140208458,32.98000463945688,107.71629655114414,145.56447396811166,155.48112544914076,61.898297995473584,146.47627163319356,312.34772834248486,140.10999222672666,229.55333655482576,B25041_003,Estimate!!Total:!!1 bedroom,BEDROOMS
113.8328523521821,39.042309359305996,96.4467040446037,132.2051061022123,109.33161572432095,75.41298641125229,232.34279045701535,146.8293450483789,132.3852918362516,116.77263558788079,B25041_004,Estimate!!Total:!!2 bedrooms,BEDROOMS
133.02875794067194,72.47312267552893,74.38016538559607,96.94601315790125,57.91769078685067,104.82239283825191,140.58032832346703,52.97311353193723,113.84113299259091,56.837886298660976,B25041_005,Estimate!!Total:!!3 bedrooms,BEDROOMS
92.35435102623188,185.18214793357146,61.437294773816966,60.22703950430763,35.35995673120516,122.08859764739842,98.08847778622261,50.399288787919424,63.37383514022349,31.87802308417,B25041_006,Estimate!!Total:!!4 bedrooms,BEDROOMS
82.6138298504716,259.49379010251624,45.15673255655809,51.35609143306552,27.509126256352083,109.76495639753108,93.55153165905782,57.34878453340916,53.214046522498194,49.2601947984254,B25041_007,Estimate!!Total:!!5 or more bedrooms,BEDROOMS
100.37490374231604,48.99136632860281,79.4885257242597,152.86220409261577,98.66801479579827,70.69088536482484,86.19148918694279,247.59937266597717,147.70916366685933,205.8975215203358,B25070_002,Estimate!!Total:!!Less than 10.0 percent,GROSS RENT AS A PERCENTAGE OF HOUSEHOLD INCOME IN THE PAST 12 MONTHS
95.97583140284695,45.58381774220172,91.042789232185,148.88046093098907,107.34676853060057,81.8621693249428,73.92249642798106,233.90955333735423,121.25679403692095,162.87663241842168,B25070_003,Estimate!!Total:!!10.0 to 14.9 percent,GROSS RENT AS A PERCENTAGE OF HOUSEHOLD INCOME IN THE PAST 12 MONTHS
82.61828155139241,46.5731269711411,105.59154908805257,146.74465631396458,114.73506040408678,86.12081191235949,77.84039395428974,236.47830564569486,124.43853309721673,153.2846938163729,B25070_004,Estimate!!Total:!!15.0 to 19.9 percent,GROSS RENT AS A PERCENTAGE OF HOUSEHOLD INCOME IN THE PAST 12 MONTHS
75.70429742705383,45.5200400993174,118.01260002413008,149.7687269360057,126.7475702651311,85.45119395746411,82.37705798017001,230.1777314303129,130.1935399994309,160.16711288513167,B25070_005,Estimate!!Total:!!20.0 to 24.9 percent,GROSS RENT AS A PERCENTAGE OF HOUSEHOLD INCOME IN THE PAST 12 MONTHS
74.8137413007235,40.12556130608152,122.79255450694218,163.94140533093298,142.20856733505792,80.1665349724476,87.60966820484714,213.27501131533788,155.3302724855705,174.20081933229946,B25070_006,Estimate!!Total:!!25.0 to 29.9 percent,GROSS RENT AS A PERCENTAGE OF HOUSEHOLD INCOME IN THE PAST 12 MONTHS
73.04057799714502,37.99745384948073,130.25664685122538,164.51393751827973,160.55864015539848,76.81195983490089,87.65990592152943,203.2202433614229,166.2894258178657,197.70778131250617,B25070_007,Estimate!!Total:!!30.0 to 34.9 percent,GROSS RENT AS A PERCENTAGE OF HOUSEHOLD INCOME IN THE PAST 12 MONTHS
71.33957573881699,36.700999553555256,138.29877876341627,167.24487937466205,171.68610908269218,76.89748561048316,90.42012809428537,190.71386240496676,169.6994842015756,185.6624757826361,B25070_008,Estimate!!Total:!!35.0 to 39.9 percent,GROSS RENT AS A PERCENTAGE OF HOUSEHOLD INCOME IN THE PAST 12 MONTHS
68.79449749692658,35.65794412599018,141.43060015036505,171.22598348994904,182.91761572173954,74.48867351365001,100.00606039377718,186.45727427326085,183.04838173508412,181.4146104548148,B25070_009,Estimate!!Total:!!40.0 to 49.9 percent,GROSS RENT AS A PERCENTAGE OF HOUSEHOLD INCOME IN THE PAST 12 MONTHS
64.07281169065394,34.072525186652726,135.19932583152482,172.80700515677637,184.33047026143427,67.30333191280461,96.4129524440589,213.32139649654826,221.48064111530948,224.13471931501027,B25070_010,Estimate!!Total:!!50.0 percent or more,GROSS RENT AS A PERCENTAGE OF HOUSEHOLD INCOME IN THE PAST 12 MONTHS
92.23735249380496,100.1566987419265,115.41831500136539,119.10171556330582,129.18034272755867,100.18953934811753,58.791236671763315,72.56122981468019,120.51723677342672,104.54970305309254,B27001_004,Estimate!!Total:!!Male:!!Under 6 years:!!With health insurance coverage,HEALTH INSURANCE COVERAGE STATUS BY SEX BY AGE
96.73851229618938,121.65548702536219,107.00399552661455,103.32829639731374,112.82400350668141,101.89334573486386,61.864361923322065,59.909767590786856,109.60865459397307,90.57574677724271,B27001_007,Estimate!!Total:!!Male:!!6 to 18 years:!!With health insurance coverage,HEALTH INSURANCE COVERAGE STATUS BY SEX BY AGE
85.57335671307249,80.04502507863332,104.37121105421522,107.75171272278072,88.51487551394494,92.338849211528,59.94123762293159,243.53315787822442,98.7552558318584,105.29178608894894,B27001_010,Estimate!!Total:!!Male:!!19 to 25 years:!!With health insurance coverage,HEALTH INSURANCE COVERAGE STATUS BY SEX BY AGE
87.35452771337162,78.30280538014193,109.52539588471414,103.03073440641069,86.72233471140687,102.14050452621531,61.60645052157656,188.20440213284255,85.23588193547775,123.6235376584842,B27001_013,Estimate!!Total:!!Male:!!26 to 34 years:!!With health insurance coverage,HEALTH INSURANCE COVERAGE STATUS BY SEX BY AGE
93.24069662664307,119.43726640810853,97.11727140050517,85.4107546371263,76.69762783423238,108.55560163706927,67.19027238489124,114.37440085845694,74.43366179285289,103.47365553410579,B27001_016,Estimate!!Total:!!Male:!!35 to 44 years:!!With health insurance coverage,HEALTH INSURANCE COVERAGE STATUS BY SEX BY AGE
102.22715730763949,131.61474058169503,88.49862399161368,80.25405548069641,70.43019406681118,107.53669474552127,81.25855814224136,79.82549748443704,75.75012234274026,98.32953689839024,B27001_019,Estimate!!Total:!!Male:!!45 to 54 years:!!With health insurance coverage,HEALTH INSURANCE COVERAGE STATUS BY SEX BY AGE
114.36554449017018,114.8163476738577,77.57249474686445,82.77528549873752,61.83353200057458,105.49832020895616,119.00493496054949,69.98726070102225,83.65465921240781,91.42956212209441,B27001_022,Estimate!!Total:!!Male:!!55 to 64 years:!!With health insurance coverage,HEALTH INSURANCE COVERAGE STATUS BY SEX BY AGE
120.13152316450319,104.61755300152021,68.12819295891039,77.52031700012493,58.15722777594276,102.05719204577714,206.69296273534377,66.1259994267342,75.48169243083424,82.50329775922857,B27001_025,Estimate!!Total:!!Male:!!65 to 74 years:!!With health insurance coverage,HEALTH INSURANCE COVERAGE STATUS BY SEX BY AGE
118.07602187074373,97.6560165688988,66.56714043431182,75.55762514976288,60.331197215397204,98.88039695533854,280.567031377327,65.02736189018994,70.90767575924669,88.671242183141,B27001_028,Estimate!!Total:!!Male:!!75 years and over:!!With health insurance coverage,HEALTH INSURANCE COVERAGE STATUS BY SEX BY AGE
91.80896536354948,99.4276677082993,114.7432609379468,121.16436333760096,130.41531447198454,99.79042812447341,58.97634802787799,72.9992826378345,124.17871986112527,104.07729984233112,B27001_032,Estimate!!Total:!!Female:!!Under 6 years:!!With health insurance coverage,HEALTH INSURANCE COVERAGE STATUS BY SEX BY AGE
95.2650537182475,121.50966634625411,106.96131115087685,103.61776466967451,114.2186620004666,101.35528974083176,61.16258769763952,65.95258738759236,112.45486778686067,90.74304927976814,B27001_035,Estimate!!Total:!!Female:!!6 to 18 years:!!With health insurance coverage,HEALTH INSURANCE COVERAGE STATUS BY SEX BY AGE
83.0614677297721,74.20464500090975,105.57549769924499,114.8417681963942,92.82372102882827,89.03706855734181,58.03333079696419,255.09772867707227,118.03930512859301,110.3419191325107,B27001_038,Estimate!!Total:!!Female:!!19 to 25 years:!!With health insurance coverage,HEALTH INSURANCE COVERAGE STATUS BY SEX BY AGE
86.97849926316998,78.65149471815042,107.33757868454184,107.75372242470166,85.98330946241217,101.56812036854576,62.16398402443934,171.49050997292528,112.47967558033882,126.7213891366596,B27001_041,Estimate!!Total:!!Female:!!26 to 34 years:!!With health insurance coverage,HEALTH INSURANCE COVERAGE STATUS BY SEX BY AGE
91.95417927687491,121.63665733703802,96.73580311874724,89.17172735723727,76.63865784536189,107.55782969550403,67.44632930545342,98.65628347863618,98.80948049350906,110.34201128426129,B27001_044,Estimate!!Total:!!Female:!!35 to 44 years:!!With health insurance coverage,HEALTH INSURANCE COVERAGE STATUS BY SEX BY AGE
100.3646509039414,129.17557708033468,88.68637470173891,83.07284842785091,69.47912839287115,107.51862393431304,85.92075107080234,71.98139134973664,93.65825878125324,105.00629484629462,B27001_047,Estimate!!Total:!!Female:!!45 to 54 years:!!With health insurance coverage,HEALTH INSURANCE COVERAGE STATUS BY SEX BY AGE
110.84528335789075,109.26768875646606,78.85111468594319,85.61129215509735,60.563002505677424,106.00458635506041,130.36784348326887,67.30448702974832,98.52581023099441,99.62616808815712,B27001_050,Estimate!!Total:!!Female:!!55 to 64 years:!!With health insurance coverage,HEALTH INSURANCE COVERAGE STATUS BY SEX BY AGE
114.95404750001248,98.9854784372234,71.80426966773217,83.76131156951674,60.872959182289286,101.61555988955506,207.93134387371728,67.83528121775821,93.0165590110724,93.03485923972707,B27001_053,Estimate!!Total:!!Female:!!65 to 74 years:!!With health insurance coverage,HEALTH INSURANCE COVERAGE STATUS BY SEX BY AGE
115.45736957738883,88.43477682779682,70.90185226822756,89.94063243066176,63.75314714964314,97.959645786458,242.0234246281779,71.54732463486071,94.31965623189647,104.58615350340467,B27001_056,Estimate!!Total:!!Female:!!75 years and over:!!With health insurance coverage,HEALTH INSURANCE COVERAGE STATUS BY SEX BY AGE
96.43853966467037,110.06888016753918,80.15173218561144,85.26767174650645,59.57562696998738,108.2526470684555,125.81459345239585,127.65993515347496,73.16237869771585,92.03096226415252,B28001_003,Estimate!!Total:!!Has one or more types of computing devices:!!Desktop or laptop,TYPES OF COMPUTERS IN HOUSEHOLD
137.41699572010674,65.8023950906732,66.19696426987595,105.66765770676079,56.5418110299062,94.80205525440043,192.21031342533956,77.05027604877027,90.70856409741361,84.65373558846649,B28001_004,Estimate!!Total:!!Has one or more types of computing devices:!!Desktop or laptop!!Desktop or laptop with no other type of computing device,TYPES OF COMPUTERS IN HOUSEHOLD
96.2913866192664,102.5358241298829,87.06978035864289,95.9973022229889,77.81245867160047,103.89077711780405,113.58127703154273,124.51510307022869,91.49828348094631,96.26894325131461,B28001_005,Estimate!!Total:!!Has one or more types of computing devices:!!Smartphone,TYPES OF COMPUTERS IN HOUSEHOLD
127.33770163671103,20.99764000603668,116.93550546981733,183.08982899612914,201.94632403455248,63.358381066174864,87.22093443348417,63.625838235253276,232.61681032399753,116.8880847467482,B28001_006,Estimate!!Total:!!Has one or more types of computing devices:!!Smartphone!!Smartphone with no other type of computing device,TYPES OF COMPUTERS IN HOUSEHOLD
93.96899535590164,116.90492335255777,80.89810078908309,84.17546630224439,60.82752500620209,109.36835047870557,116.99650395578584,122.78513359284975,74.99295346001257,89.78646280868296,B28001_007,Estimate!!Total:!!Has one or more types of computing devices:!!Tablet or other portable wireless computer,TYPES OF COMPUTERS IN HOUSEHOLD
144.3930100833022,41.957159075826226,76.88801723390534,136.45860046166837,94.88383966787065,80.1490958030982,164.05091402294968,67.78518103924573,153.05493553733086,96.42143302507236,B28001_008,Estimate!!Total:!!Has one or more types of computing devices:!!Tablet or other portable wireless computer!!Tablet or other portable wireless computer with no other type of computing device,TYPES OF COMPUTERS IN HOUSEHOLD
152.00396177926413,29.179133525271606,78.53148530713008,159.99631967755266,140.76576335006936,64.36228541150734,125.94128157413182,66.1806627997236,204.17224692268601,122.57223292628892,B28001_011,Estimate!!Total:!!No Computer,TYPES OF COMPUTERS IN HOUSEHOLD
98.50184810009634,104.42806125596502,83.1443076829309,92.28311678747887,68.1287931606515,105.79287465525648,121.79390015629818,120.44327723849395,83.24880960970972,93.45038280872942,B28002_002,Estimate!!Total:!!With an Internet subscription,PRESENCE AND TYPES OF INTERNET SUBSCRIPTIONS IN HOUSEHOLD
171.51900042833603,54.695881119820555,59.82923810872387,87.8199528638474,49.987078094126495,90.27741265362134,175.37910207996387,60.32746009080577,70.76773867767463,62.809931528995364,B28002_003,Estimate!!Total:!!With an Internet subscription!!Dial-up with no other type of Internet subscription,PRESENCE AND TYPES OF INTERNET SUBSCRIPTIONS IN HOUSEHOLD
98.18211514202551,104.64583223934657,83.24640145028405,92.30266042288719,68.20823345704407,105.86081491865265,121.55925727344707,120.70651686686334,83.30346265494288,93.58455350440725,B28002_004,Estimate!!Total:!!With an Internet subscription!!Broadband of any type,PRESENCE AND TYPES OF INTERNET SUBSCRIPTIONS IN HOUSEHOLD
93.91420878019133,110.84815309731574,83.35198345251487,90.63891115760406,67.5974194388481,107.27607997129505,114.69937678389503,126.45221537579117,82.00272865913433,89.31574053712565,B28002_005,Estimate!!Total:!!With an Internet subscription!!Cellular data plan,PRESENCE AND TYPES OF INTERNET SUBSCRIPTIONS IN HOUSEHOLD
129.3710392643573,47.746019975188126,100.36634444508863,137.44184107038475,131.15706662116764,81.05468631302844,105.61089133102053,83.55816965692163,154.72857880600765,96.9458374233717,B28002_006,Estimate!!Total:!!With an Internet subscription!!Cellular data plan!!Cellular data plan with no other type of Internet subscription,PRESENCE AND TYPES OF INTERNET SUBSCRIPTIONS IN HOUSEHOLD
88.99854909522537,115.80430876226796,81.22980611392224,86.50511996098807,59.42724934930565,110.5010459096321,122.94594988035159,129.88209646786513,73.37625934077214,96.10845638464596,B28002_007,"Estimate!!Total:!!With an Internet subscription!!Broadband such as cable, fiber optic or DSL",PRESENCE AND TYPES OF INTERNET SUBSCRIPTIONS IN HOUSEHOLD
109.34696689791457,82.72471158923925,82.89780802410829,100.25254093223562,69.74594329963277,102.01532641913036,147.27447922626794,102.1027203282346,88.68871959840014,116.85767348656451,B28002_008,"Estimate!!Total:!!With an Internet subscription!!Broadband such as cable, fiber optic or DSL!!Broadband such as cable, fiber optic or DSL with no other type of Internet subscription",PRESENCE AND TYPES OF INTERNET SUBSCRIPTIONS IN HOUSEHOLD
141.29851854742446,84.92774886349922,86.52492674985108,77.63312188110095,65.27208384294258,98.67002803056425,131.64310312109566,63.67058162239504,79.37898860967155,50.164586181297764,B28002_009,Estimate!!Total:!!With an Internet subscription!!Satellite Internet service,PRESENCE AND TYPES OF INTERNET SUBSCRIPTIONS IN HOUSEHOLD
204.04693268881618,41.88234098844888,72.25484283203699,76.63849726917591,65.60197344396433,78.30751893459049,162.81775637491748,34.47661087787671,67.63065240688161,31.144265999949074,B28002_010,Estimate!!Total:!!With an Internet subscription!!Satellite Internet service!!Satellite Internet service with no other type of Internet subscription,PRESENCE AND TYPES OF INTERNET SUBSCRIPTIONS IN HOUSEHOLD
112.76306888584043,46.26637274917938,88.81753028120896,138.5187775370792,117.28777191252664,79.87243745288322,142.12584905194902,153.36262992002588,159.14594140293227,99.70358437804617,B28002_012,Estimate!!Total:!!Internet access without a subscription,PRESENCE AND TYPES OF INTERNET SUBSCRIPTIONS IN HOUSEHOLD
146.87810707759834,27.37178138259692,89.4855457702944,159.66863856530247,156.41370632985758,64.22169209230873,120.4250019006343,67.30856617989674,206.1902368746869,120.51003968101632,B28002_013,Estimate!!Total:!!No Internet access,PRESENCE AND TYPES OF INTERNET SUBSCRIPTIONS IN HOUSEHOLD
93.1775479511399,123.73689680705229,108.78829412435269,100.34942608795974,105.85028706453346,106.55753786056137,61.821355175262305,57.77483046875359,97.05280948914124,90.91958159114387,B28005_005,Estimate!!Total:!!Under 18 years:!!Has a computer:!!With a broadband Internet subscription,AGE BY PRESENCE OF A COMPUTER AND TYPES OF INTERNET SUBSCRIPTION IN HOUSEHOLD
112.40716042366134,26.225171463424928,150.33100611996787,181.3164599248259,276.50493290827825,63.13998809437075,61.505874964350696,36.083880657556364,234.32593649842482,109.60262592470269,B28005_006,Estimate!!Total:!!Under 18 years:!!Has a computer:!!Without an Internet subscription,AGE BY PRESENCE OF A COMPUTER AND TYPES OF INTERNET SUBSCRIPTION IN HOUSEHOLD
120.0540846627794,104.93901168413684,56.34664823612443,95.8312846000104,32.052540612323824,105.1584898865989,114.59663342734822,96.72444481194255,113.39602017470445,60.461563422616315,C16001_002,Estimate!!Total:!!Speak only English,LANGUAGE SPOKEN AT HOME FOR THE POPULATION 5 YEARS AND OVER
27.644384601083257,45.782302960541685,320.7060461839426,122.75394078601416,502.9703577064934,68.91865113100715,53.9618621742654,65.66529979717927,42.632384818056366,199.4110508331991,C16001_003,Estimate!!Total:!!Spanish:,LANGUAGE SPOKEN AT HOME FOR THE POPULATION 5 YEARS AND OVER
25.373203357674072,29.3294404809328,334.90724131249516,125.32350650773287,630.1805867907439,57.64431561279704,49.15498821377543,50.31257820749904,45.58603570901615,230.77371230169365,C16001_005,"Estimate!!Total:!!Spanish:!!Speak English less than ""very well""",LANGUAGE SPOKEN AT HOME FOR THE POPULATION 5 YEARS AND OVER
46.77639329434831,88.29240631003874,233.73522118090239,70.91527915170836,81.11099302838376,76.66793763641202,124.51202859387138,154.14794732876345,173.5553331136108,340.1065539602688,C16001_006,"Estimate!!Total:!!French, Haitian, or Cajun:",LANGUAGE SPOKEN AT HOME FOR THE POPULATION 5 YEARS AND OVER
12.097178622233765,185.9590868348513,121.21202598400443,29.0592768177305,39.6250076675198,83.94407270876806,32.32797656244751,308.7964321003764,18.389948628615038,708.3319676562927,C16001_021,"Estimate!!Total:!!Chinese (incl. Mandarin, Cantonese):",LANGUAGE SPOKEN AT HOME FOR THE POPULATION 5 YEARS AND OVER
19.517223883451614,124.39237603858899,310.1490001758333,82.2700336356088,80.10421302824793,115.53256965157432,39.156107730428744,100.86049567247876,38.05619525380705,58.41461911887566,C16001_024,Estimate!!Total:!!Vietnamese:,LANGUAGE SPOKEN AT HOME FOR THE POPULATION 5 YEARS AND OVER
18.940658338251925,128.17520207327112,239.2601076003563,50.65565909786843,79.93019081506478,127.89784681909491,55.26179539087068,132.74297434062362,19.895864329161945,162.1131749109863,C16001_027,Estimate!!Total:!!Tagalog (incl. Filipino):,LANGUAGE SPOKEN AT HOME FOR THE POPULATION 5 YEARS AND OVER
